panel,block,cohort,PC1,PC2
a,radiomics,LUNG1,1.9573011549958206,0.806862400587596
a,radiomics,LUNG1,9.771820423854672,-3.6253235377650825
a,radiomics,LUNG1,4.012677115519256,-1.2364261596165993
a,radiomics,LUNG1,-1.0273918344138344,1.7936182720782092
a,radiomics,LUNG1,6.033705278160144,-4.184729956028773
a,radiomics,LUNG1,-1.6248881491104892,4.837012009620224
a,radiomics,LUNG1,1.8678563814774238,-1.2449263803399657
a,radiomics,LUNG1,5.938190484788985,-3.6276013237599263
a,radiomics,LUNG1,6.62120590623598,-2.305376027660031
a,radiomics,LUNG1,3.402282797031946,-0.00870536730361252
a,radiomics,LUNG1,3.0127151475584744,-0.4311615790047381
a,radiomics,LUNG1,3.9747256418546275,0.7253478780390097
a,radiomics,LUNG1,0.6529629227282424,1.867581108840261
a,radiomics,LUNG1,2.754847341730816,4.181977654622117
a,radiomics,LUNG1,-1.5030485371162812,2.4690541697389783
a,radiomics,LUNG1,12.159310568549781,-5.646070910520496
a,radiomics,LUNG1,7.305302077885754,-0.46661797716081405
a,radiomics,LUNG1,6.832932768759763,0.9147315221101506
a,radiomics,LUNG1,-2.38347470681903,1.973840128723228
a,radiomics,LUNG1,4.768866679975136,4.453323056392968
a,radiomics,LUNG1,2.1638957292312,0.12143480429129264
a,radiomics,LUNG1,3.7674583321040016,2.0139772053079286
a,radiomics,LUNG1,7.515809472688173,-1.6032619389730438
a,radiomics,LUNG1,4.397885876430608,-0.5370170743528198
a,radiomics,LUNG1,2.4361675940664624,-0.3007047992248494
a,radiomics,LUNG1,8.426505792480851,-6.991261883764665
a,radiomics,LUNG1,-2.0059643956056865,2.551117134632944
a,radiomics,LUNG1,4.458176187222559,0.07604657562028366
a,radiomics,LUNG1,1.7633158251846655,0.7570097211282587
a,radiomics,LUNG1,0.7489685534571661,-0.15200794244250654
a,radiomics,LUNG1,1.6424689384267286,-1.2947032604465278
a,radiomics,LUNG1,5.2477040484126825,1.4514409406100457
a,radiomics,LUNG1,-0.5014043259666754,2.429439124640427
a,radiomics,LUNG1,2.1375127848921043,-0.14049190499311015
a,radiomics,LUNG1,4.6504441137617345,-3.9515615602079044
a,radiomics,LUNG1,-1.2868110037953588,4.280719350843462
a,radiomics,LUNG1,3.1322666386974976,-0.7814705508692908
a,radiomics,LUNG1,3.2184027155640726,-0.7121494065642998
a,radiomics,LUNG1,2.7703951185006748,-0.06038869827309532
a,radiomics,LUNG1,7.325526443510012,-6.72541057750892
a,radiomics,LUNG1,3.655145698989635,-2.4288618678806624
a,radiomics,LUNG1,7.119283711764279,-5.1852244567341845
a,radiomics,LUNG1,3.4670579428813064,-0.5024462102660183
a,radiomics,LUNG1,4.107722623485345,-2.227667065528073
a,radiomics,LUNG1,4.41148460270424,-0.009101213042411491
a,radiomics,LUNG1,12.03755349045185,-3.264181947043776
a,radiomics,LUNG1,1.181571596735111,-1.1335710188176447
a,radiomics,LUNG1,5.358626219778008,-2.343229029872611
a,radiomics,LUNG1,1.004788100775931,1.9571572353988014
a,radiomics,LUNG1,5.5415634564137966,-5.2038459257924385
a,radiomics,LUNG1,-0.5078052195732503,4.028493187636075
a,radiomics,LUNG1,8.285843517689132,-5.215987550056137
a,radiomics,LUNG1,11.211305973740867,-2.063007507056732
a,radiomics,LUNG1,2.8173764671828585,-1.044400774995971
a,radiomics,LUNG1,4.289169047369695,-2.52431632808745
a,radiomics,LUNG1,1.5843003178645338,1.7455346989161697
a,radiomics,LUNG1,4.215256790576782,-2.4619555232139017
a,radiomics,LUNG1,3.720937000530354,1.2298205322296105
a,radiomics,LUNG1,3.11308946227995,-1.7055420641305743
a,radiomics,LUNG1,2.4420699147277984,1.0248000829271413
a,radiomics,LUNG1,-1.2089671640534367,0.3329198232208049
a,radiomics,LUNG1,3.017773353440454,-0.05745196782813098
a,radiomics,LUNG1,2.016584491425186,-2.5887187570395978
a,radiomics,LUNG1,0.8587261231367228,1.1525838097816354
a,radiomics,LUNG1,9.093077725783319,-3.1297071045824594
a,radiomics,LUNG1,1.379297623098054,-2.3212791906757606
a,radiomics,LUNG1,2.139254640701796,-0.18152791442441615
a,radiomics,LUNG1,2.71370433319038,-0.4159151171387718
a,radiomics,LUNG1,5.198616601477692,-2.6996236173568935
a,radiomics,LUNG1,1.3091693820627814,3.452057511641205
a,radiomics,LUNG1,2.223550761044564,-1.4323657529442533
a,radiomics,LUNG1,5.144039814279553,0.5576524019816319
a,radiomics,LUNG1,3.001276150773517,-3.4415329192761135
a,radiomics,LUNG1,6.163306324851683,-5.328302042819522
a,radiomics,LUNG1,-0.532066809252786,1.2757082395416794
a,radiomics,LUNG1,2.9840756435032327,-0.8932825748656209
a,radiomics,LUNG1,2.28630768291968,-3.6840405732139434
a,radiomics,LUNG1,0.4750576968416901,3.355135677567613
a,radiomics,LUNG1,8.864250175102265,-8.797147430171165
a,radiomics,LUNG1,3.912189924613173,-1.012295277287538
a,radiomics,LUNG1,1.8009098022547585,-0.5606705120833364
a,radiomics,LUNG1,1.5209110702645765,-2.4863092190575338
a,radiomics,LUNG1,-0.5885586606495085,1.5747441120590377
a,radiomics,LUNG1,1.518163531536524,1.896261678602091
a,radiomics,LUNG1,1.3234680496352635,0.4766269615609404
a,radiomics,LUNG1,-0.1085125637970458,-1.1279850563852007
a,radiomics,LUNG1,-1.188523523276785,1.0626281201448684
a,radiomics,LUNG1,9.36241618536658,0.09188208331770248
a,radiomics,LUNG1,3.189692222029035,0.5601769996020798
a,radiomics,LUNG1,-3.083303724109747,3.6459100213778446
a,radiomics,LUNG1,2.2386336445527477,0.228366749952209
a,radiomics,LUNG1,1.443525434021393,0.8794318036490684
a,radiomics,LUNG1,1.6586787797152864,0.9497643154644678
a,radiomics,LUNG1,3.422759973517423,-1.4534104274818895
a,radiomics,LUNG1,14.202084676258895,-13.467077142828048
a,radiomics,LUNG1,4.65936831275872,0.3307270453850836
a,radiomics,LUNG1,2.2792012477771153,0.6841700684572848
a,radiomics,LUNG1,0.8289418662977412,0.03655300467273509
a,radiomics,LUNG1,-0.7959897131681428,1.417320462715544
a,radiomics,LUNG1,5.626025072595617,-0.015201209013134723
a,radiomics,LUNG1,1.3435925983468278,-0.600456578740855
a,radiomics,LUNG1,0.9509462502015726,1.3995926545937665
a,radiomics,LUNG1,2.705195301489752,1.2315863175093318
a,radiomics,LUNG1,2.080646896763003,-1.8439674566130373
a,radiomics,LUNG1,1.206510859920455,2.858683985347573
a,radiomics,LUNG1,-0.19653735818173917,-1.7753878240863747
a,radiomics,LUNG1,2.3308339210900195,0.578600079813048
a,radiomics,LUNG1,1.7856301987179026,1.3493839812889301
a,radiomics,LUNG1,3.23582154441864,-1.608313796162482
a,radiomics,LUNG1,1.4521828465795616,0.31801377321479385
a,radiomics,LUNG1,0.4631563609933296,2.4973736462436356
a,radiomics,LUNG1,-1.9355005866938377,3.5503908958560784
a,radiomics,LUNG1,4.792814311025745,-0.8910190073332042
a,radiomics,LUNG1,-0.2891881283896269,1.7168246483891108
a,radiomics,LUNG1,5.379871328533407,-1.900730299418509
a,radiomics,LUNG1,-1.7799519830858679,3.822928978418429
a,radiomics,LUNG1,2.635830530432641,-0.7129645035167833
a,radiomics,LUNG1,-1.3599450356853549,3.1153366800751465
a,radiomics,LUNG1,3.468623787293671,0.25587495220394374
a,radiomics,LUNG1,0.30472424846734925,1.1863377067830114
a,radiomics,LUNG1,1.9180933714260455,1.7605278252794767
a,radiomics,LUNG1,0.9077771382287625,0.19244030736559717
a,radiomics,LUNG1,1.6211905306901582,2.8579732247890908
a,radiomics,LUNG1,1.199785461453118,2.5508199116031767
a,radiomics,LUNG1,3.841999371441085,-0.31411409225047054
a,radiomics,LUNG1,1.5458678198485898,-1.0446180950829875
a,radiomics,LUNG1,1.4150068679819925,0.9506858658978369
a,radiomics,LUNG1,3.088984982787345,0.11216393276989955
a,radiomics,LUNG1,6.463262784187051,-3.2187481158109525
a,radiomics,LUNG1,4.991684319452673,-1.09710911279212
a,radiomics,LUNG1,0.8117481945759563,-0.07654060092001995
a,radiomics,LUNG1,4.555009177702779,-1.9921306601782802
a,radiomics,LUNG1,-1.3367563590679246,4.679559709491181
a,radiomics,LUNG1,-0.567597338181933,3.1335220157051777
a,radiomics,LUNG1,-0.16679434935316811,-0.40996647897556016
a,radiomics,LUNG1,7.846338313349631,-2.8410595103440364
a,radiomics,LUNG1,3.027600514003367,-1.8068336846235904
a,radiomics,LUNG1,-2.6322958490747883,-13.67049539018026
a,radiomics,LUNG1,2.378922255939718,-0.45823236863666844
a,radiomics,LUNG1,5.167670100423577,-2.071945003289749
a,radiomics,LUNG1,5.676106911566853,-0.6407748116370557
a,radiomics,LUNG1,6.852283747585861,-3.750301648150788
a,radiomics,LUNG1,7.351811274802558,-5.710399301138945
a,radiomics,LUNG1,-0.4947410919331846,-1.702271331603089
a,radiomics,LUNG1,7.629860634499984,-0.9470988999774592
a,radiomics,LUNG1,0.03917236537017457,-0.9338743262979246
a,radiomics,LUNG1,1.300109111042385,0.33543800736714785
a,radiomics,LUNG1,9.294872315383191,-1.8990416358288464
a,radiomics,LUNG1,1.5648894158807878,-1.45246053323918
a,radiomics,LUNG1,1.9473638883658555,-1.849812570153384
a,radiomics,LUNG1,1.812120747532482,4.668130205589399
a,radiomics,LUNG1,2.3006460756861404,5.353311479132068
a,radiomics,LUNG1,5.190590220676967,-0.1065624380663275
a,radiomics,LUNG1,2.947932999550753,1.5017465396217273
a,radiomics,LUNG1,5.5192300633725875,-1.6984409609322022
a,radiomics,LUNG1,8.579447981160081,-6.860292367320271
a,radiomics,LUNG1,0.5982807989723039,-0.000873288074133312
a,radiomics,LUNG1,1.3123640511039356,-4.136064365292611
a,radiomics,LUNG1,5.267771644070142,1.4438678822327662
a,radiomics,LUNG1,-0.6630409867739807,6.338719006467446
a,radiomics,LUNG1,-0.27270614862809534,1.2404111661517876
a,radiomics,LUNG1,2.8295710689633027,0.7600715120946517
a,radiomics,LUNG1,8.611343549110812,-5.744595352408762
a,radiomics,LUNG1,5.733884380430879,-5.374867331452472
a,radiomics,LUNG1,1.0809348883298933,1.62820105474667
a,radiomics,LUNG1,0.292890310934552,1.0713236927489764
a,radiomics,LUNG1,2.919340043512343,2.3644354214381766
a,radiomics,LUNG1,0.749451308614551,-1.9100072412100924
a,radiomics,LUNG1,1.4678343490473225,0.42539619113889937
a,radiomics,LUNG1,1.389914196485968,1.7378904098165646
a,radiomics,LUNG1,2.7452122248120365,1.5967950237084887
a,radiomics,LUNG1,4.34122156000561,-0.07025749796637759
a,radiomics,LUNG1,2.588779316759388,0.40321854131523643
a,radiomics,LUNG1,-0.7532213597243337,1.4488143798701505
a,radiomics,LUNG1,1.9413032461520463,1.5520023790403594
a,radiomics,LUNG1,1.8129243364512393,-0.4327295937082708
a,radiomics,LUNG1,7.395462754573895,-4.800711681794688
a,radiomics,LUNG1,1.7502715898527557,0.005138402890567364
a,radiomics,LUNG1,0.65426828716696,3.140743511475907
a,radiomics,LUNG1,2.0736256702643194,1.8015607286766155
a,radiomics,LUNG1,2.54454951021485,2.3991102332309104
a,radiomics,LUNG1,1.0600366556816092,-2.6137977816933797
a,radiomics,LUNG1,4.237600598742488,-2.0853960250159234
a,radiomics,LUNG1,-0.5370684592119019,2.429673777286185
a,radiomics,LUNG1,7.414801704458105,-0.6455423485578173
a,radiomics,LUNG1,2.3648278322794383,0.8650204765989391
a,radiomics,LUNG1,4.444073760945466,-4.0858794255831326
a,radiomics,LUNG1,0.8021012741150901,0.7264059344962139
a,radiomics,LUNG1,4.210982496683271,0.08185664083435303
a,radiomics,LUNG1,2.6996118250488306,-0.5795428911087113
a,radiomics,LUNG1,1.8755656940034757,2.8526329971150117
a,radiomics,LUNG1,12.072151063282007,-4.639463785321773
a,radiomics,LUNG1,6.147311995617885,-3.852739688107672
a,radiomics,LUNG1,0.21125668162318084,3.1700010454784735
a,radiomics,LUNG1,3.616370068957982,-1.6587662269867027
a,radiomics,LUNG1,12.033616481027227,-5.869421571864517
a,radiomics,LUNG1,5.111956260270331,1.313307223093653
a,radiomics,LUNG1,4.619500285706244,-0.3780945923238181
a,radiomics,LUNG1,2.47534909332026,-1.9861283605729643
a,radiomics,LUNG1,11.738756409416741,-6.874560148150157
a,radiomics,LUNG1,2.5024373117165855,0.5317764337431509
a,radiomics,LUNG1,4.09676053346182,-3.901877017396041
a,radiomics,LUNG1,6.509295005447895,-0.800068327753032
a,radiomics,LUNG1,1.5103931246742308,0.10244188651145864
a,radiomics,LUNG1,7.16931211792908,-0.7423674429178566
a,radiomics,LUNG1,-0.13023864962229764,2.096802185168105
a,radiomics,LUNG1,2.0338587268989925,3.272770857484752
a,radiomics,LUNG1,3.863606813766385,1.4088185058269382
a,radiomics,LUNG1,-0.790965337191996,2.6964766623047653
a,radiomics,LUNG1,2.1770072867417887,4.110300510936916
a,radiomics,LUNG1,1.9592086908659792,0.7039725862820249
a,radiomics,LUNG1,5.961490843618645,-2.2775355052635518
a,radiomics,LUNG1,2.075736316910639,1.17347056110487
a,radiomics,LUNG1,0.5883173315911183,1.8485684560329567
a,radiomics,LUNG1,5.588845919772324,-2.2858413128437327
a,radiomics,LUNG1,4.595387187075439,3.441389325239306
a,radiomics,LUNG1,8.564231628604944,-3.388311194442237
a,radiomics,LUNG1,3.6327321911859904,1.033541190203015
a,radiomics,LUNG1,-1.1483576210727275,0.5823111483545597
a,radiomics,LUNG1,4.153744089259321,0.6501742326937788
a,radiomics,LUNG1,4.929237206006082,-0.10690416112285656
a,radiomics,LUNG1,0.918399347074405,2.6549802087060677
a,radiomics,LUNG1,3.0193157223858065,2.244967278889992
a,radiomics,LUNG1,4.628555587527543,-0.25848729790266933
a,radiomics,LUNG1,2.1403738991301835,0.05846260644248959
a,radiomics,LUNG1,4.452771100293503,-3.461614572545903
a,radiomics,LUNG1,6.9731790961306395,-1.1836868898156543
a,radiomics,LUNG1,8.495901835152832,-5.117194062797559
a,radiomics,LUNG1,2.7106384478532677,0.3723629714443336
a,radiomics,LUNG1,3.0149681023781416,-2.4213331322709983
a,radiomics,LUNG1,-0.7750741628530338,0.6464395696585412
a,radiomics,LUNG1,0.2596413864285247,-0.03948053775636938
a,radiomics,LUNG1,6.909049708994004,-3.106001480858952
a,radiomics,LUNG1,3.2560177133035526,-1.0701774242279936
a,radiomics,LUNG1,4.704943131129447,-2.5996072603482543
a,radiomics,LUNG1,4.688394205231394,-4.241432937132544
a,radiomics,LUNG1,3.6749947718346214,-0.8028954289935797
a,radiomics,LUNG1,2.323389196781661,-2.4673681481681498
a,radiomics,LUNG1,1.8756869112504524,-2.476809632160199
a,radiomics,LUNG1,1.671490763472769,0.06057791231832353
a,radiomics,LUNG1,4.2288279163954,-0.4090776327001275
a,radiomics,LUNG1,2.552898765440633,-1.759615766488629
a,radiomics,LUNG1,3.6440937422016666,-2.0204221345756124
a,radiomics,LUNG1,1.319044240147024,-3.957935701877667
a,radiomics,LUNG1,0.0749877087570836,1.1397748073088805
a,radiomics,LUNG1,-0.7168525590922041,-0.15016160617500512
a,radiomics,LUNG1,4.247894735044702,-1.865256639726761
a,radiomics,LUNG1,11.411012103719138,-6.913986487271142
a,radiomics,LUNG1,3.8121684959872533,-2.8581404067023377
a,radiomics,LUNG1,-0.23089211979061822,-0.01617623394622857
a,radiomics,LUNG1,0.7415496093304184,1.057799017244698
a,radiomics,LUNG1,10.650033439445762,-3.699831537043759
a,radiomics,LUNG1,4.52459692509858,-1.620753370508108
a,radiomics,LUNG1,-1.3640283507204145,1.081924647614184
a,radiomics,LUNG1,-2.5683670919485135,3.139210163397036
a,radiomics,LUNG1,2.721797782684314,-1.0906755398772578
a,radiomics,LUNG1,6.438946920325805,-4.169990540028585
a,radiomics,LUNG1,3.069447911175733,0.09922847266931623
a,radiomics,LUNG1,5.536114886122789,-1.300556074637045
a,radiomics,LUNG1,-2.080965632246975,2.6563121231835036
a,radiomics,LUNG1,2.301836225264647,-1.8455701803705788
a,radiomics,LUNG1,0.6980114375525862,0.014686489002457235
a,radiomics,LUNG1,-0.44107297914442184,0.313353524538559
a,radiomics,LUNG1,1.012917468856009,-0.3965185140443059
a,radiomics,LUNG1,1.5633422499763996,2.0814602087624476
a,radiomics,LUNG1,0.6367474839136116,-0.39112402162211485
a,radiomics,LUNG1,0.5682633997132676,0.358928946509851
a,radiomics,LUNG1,4.16757427285416,1.0610837122902395
a,radiomics,LUNG1,3.7279756466525567,-3.1384571426687677
a,radiomics,LUNG1,-0.4434175532948998,2.6562066217093694
a,radiomics,LUNG1,0.6601635550959526,2.9865827043290833
a,radiomics,LUNG1,0.20878009331162173,0.09075525871629336
a,radiomics,LUNG1,-2.687231209972993,5.759796786955117
a,radiomics,LUNG1,1.1919841387333958,-1.5537307378455878
a,radiomics,LUNG1,2.6155325671906415,-2.4256737270448228
a,radiomics,LUNG1,1.7986816777052625,-0.7341271114230697
a,radiomics,LUNG1,6.3821374707530225,-1.682958499015488
a,radiomics,LUNG1,0.4526882117898795,1.651413715152768
a,radiomics,LUNG1,-2.348190310411441,3.2608264436662133
a,radiomics,LUNG1,6.873098756603114,-1.1124867594703776
a,radiomics,LUNG1,2.2680387194037466,3.0091090399689913
a,radiomics,LUNG1,0.4246566805652506,-0.020910704623963692
a,radiomics,LUNG1,12.590296007737226,-7.778550907455641
a,radiomics,LUNG1,0.6976399841494716,1.0665408832704866
a,radiomics,LUNG1,6.553043809824597,-1.865667840083495
a,radiomics,LUNG1,8.867363168948938,-6.019275501547423
a,radiomics,LUNG1,0.3327875442394198,-2.6901722138841775
a,radiomics,LUNG1,0.5597729925843188,-0.24669373971014094
a,radiomics,LUNG1,1.4224321232071309,-2.350887037872525
a,radiomics,LUNG1,-0.8041152079527113,0.522351093828261
a,radiomics,LUNG1,1.3759745760448836,-0.0015242083944453345
a,radiomics,LUNG1,3.9339733449205476,1.9808970744357688
a,radiomics,LUNG1,-0.6325740635248909,1.3571446542278378
a,radiomics,LUNG1,1.3673061730932259,-0.5506131858957901
a,radiomics,LUNG1,2.774485149244426,-1.3242243841715862
a,radiomics,LUNG1,0.16475578281381806,1.5023610629412723
a,radiomics,LUNG1,1.2691636497865944,-0.8231225364725921
a,radiomics,LUNG1,-1.1403797544383967,2.126970997673672
a,radiomics,LUNG1,0.7842844583534468,0.36538767927479543
a,radiomics,LUNG1,1.9150203632170126,3.0100325383653854
a,radiomics,LUNG1,5.041373565164276,-3.901568646839545
a,radiomics,LUNG1,1.997005211184575,3.0019027048438476
a,radiomics,LUNG1,17.996023011937908,-0.6242628269308603
a,radiomics,LUNG1,1.6223865907107609,-1.3774121165412392
a,radiomics,LUNG1,2.597997069592223,-0.6528381441818826
a,radiomics,LUNG1,3.9830393708764906,3.194559803635769
a,radiomics,LUNG1,3.193171808713553,-0.9624668755228378
a,radiomics,LUNG1,9.181894886843093,-6.4882129910785356
a,radiomics,LUNG1,3.1244825934445757,3.3157458664038417
a,radiomics,LUNG1,6.497065502823411,-5.05985162343818
a,radiomics,LUNG1,0.7877579219038658,3.4663493799213283
a,radiomics,LUNG1,-0.31796293330766984,2.096529883623933
a,radiomics,LUNG1,0.8286570588912215,0.7283956723030489
a,radiomics,LUNG1,3.766005975536491,-3.3142607655266634
a,radiomics,LUNG1,3.3229224346786657,1.993164638139864
a,radiomics,LUNG1,0.13896239746919725,1.4837600350136984
a,radiomics,LUNG1,-0.18761120457996402,-1.270728763559072
a,radiomics,LUNG1,1.7109469508600417,1.0279590441128341
a,radiomics,LUNG1,2.6817348002263213,0.9126360822652376
a,radiomics,LUNG1,4.629824638493596,-2.514548272314154
a,radiomics,LUNG1,-2.4198839811835327,3.025890434911046
a,radiomics,LUNG1,0.8620835605009136,5.356146811182437
a,radiomics,LUNG1,1.4784356569261226,0.033001216676815694
a,radiomics,LUNG1,3.593807258335883,-1.2427341740820863
a,radiomics,LUNG1,-0.8956607949308059,3.069411867533121
a,radiomics,LUNG1,1.2318416702615973,-1.7251307792910144
a,radiomics,LUNG1,1.3302875685543534,1.7826152291715132
a,radiomics,LUNG1,-1.0837349643332115,4.177632828113432
a,radiomics,LUNG1,0.3118482024160279,1.2887617759538552
a,radiomics,LUNG1,-0.014585395085805317,1.812607040441652
a,radiomics,LUNG1,4.51976740793273,-7.9058495001114295
a,radiomics,LUNG1,-0.9967247970440157,6.044477037653662
a,radiomics,LUNG1,3.255270928728796,-2.3641431752064213
a,radiomics,LUNG1,0.38453393540597597,-1.0157656378267401
a,radiomics,LUNG1,4.578904038869446,-2.405275282368205
a,radiomics,LUNG1,-1.9859712086040082,1.5917575918205062
a,radiomics,LUNG1,0.901463731186053,-0.8792359727850998
a,radiomics,LUNG1,0.0714976513016684,2.253107781026034
a,radiomics,LUNG1,7.904186149473733,-1.6107010933897927
a,radiomics,LUNG1,2.9874369832614245,1.598738481188545
a,radiomics,LUNG1,0.45467929749991576,-0.31296556468034403
a,radiomics,LUNG1,6.788064091254213,-2.9202424503991784
a,radiomics,LUNG1,3.055131672143754,-1.5101535745467036
a,radiomics,LUNG1,2.53099671499399,-0.8817010132043495
a,radiomics,LUNG1,2.200463912296804,-1.5468372401871198
a,radiomics,LUNG1,1.315723380744622,-0.6437726418591796
a,radiomics,LUNG1,1.8874071006861322,-1.841464066542468
a,radiomics,LUNG1,-1.4696541649306913,3.1290194835180243
a,radiomics,LUNG1,0.26653715374661446,0.30230945628916817
a,radiomics,LUNG1,3.7869959037646037,-2.797133635524548
a,radiomics,LUNG1,3.3543416285515235,-0.560343644405004
a,radiomics,LUNG1,4.3783815503108245,2.572448444423656
a,radiomics,LUNG1,8.350314330368368,-3.3884086268848916
a,radiomics,LUNG1,2.086348834332429,1.4308087371818887
a,radiomics,LUNG1,-0.10787663492786058,-0.9066602451849779
a,radiomics,LUNG1,0.6144922868010054,1.3300081884003156
a,radiomics,LUNG1,-0.5511207250521413,2.048257301290079
a,radiomics,LUNG1,3.5281335441698305,-0.6071658585202778
a,radiomics,LUNG1,0.7616763524156969,-0.6819020031029597
a,radiomics,LUNG1,3.797018110633996,-0.5009585902770595
a,radiomics,LUNG1,6.275787613963601,-2.3778450908398976
a,radiomics,LUNG1,-11.5149238953152,-14.38778884634648
a,radiomics,LUNG1,1.3945649990478055,-1.1366470963492794
a,radiomics,LUNG1,2.48197181776033,-2.093787521853998
a,radiomics,LUNG1,1.7753681232629592,-1.249606478686928
a,radiomics,LUNG1,1.8495376905120704,-1.357241952758893
a,radiomics,LUNG1,0.7924484302004179,1.9002126663353147
a,radiomics,LUNG1,-2.077367268708444,2.36641954952321
a,radiomics,LUNG1,0.0962266327824035,-1.0693433312474314
a,radiomics,LUNG1,1.9093326613629382,1.4173476870274795
a,radiomics,LUNG1,-0.8964462830729559,-0.32818789906009244
a,radiomics,LUNG1,-0.5991577302272312,2.3892717478640035
a,radiomics,LUNG1,-1.1388944461622026,-1.5379124957446535
a,radiomics,LUNG1,4.474866967130044,0.18041393364874506
a,radiomics,LUNG1,8.631432131872156,-4.887229803503719
a,radiomics,LUNG1,8.449932039047269,-5.072168382816655
a,radiomics,LUNG1,-2.015806772341463,4.163848623996453
a,radiomics,LUNG1,-0.452944110244135,1.7646568827698481
a,radiomics,LUNG1,0.564598279673776,-2.6697013451516156
a,radiomics,LUNG1,-1.3304030234586277,3.8350755350104255
a,radiomics,LUNG1,7.306798880814102,-16.520773354036557
a,radiomics,LUNG1,-4.615247413049091,2.415878032172121
a,radiomics,LUNG1,-1.0857405598617633,0.8125193028001201
a,radiomics,LUNG1,4.339335065372744,-1.8903864370151628
a,radiomics,LUNG1,3.009351797952786,-1.458311498117548
a,radiomics,LUNG1,4.990914637990695,-4.954187084699446
a,radiomics,LUNG1,9.399926331696795,-6.445070203581083
a,radiomics,LUNG1,-0.01803316125168237,1.5315355610260684
a,radiomics,LUNG1,6.539871730560256,-4.311985682829518
a,radiomics,LUNG1,-2.9083468619447332,3.1564432540585634
a,radiomics,LUNG1,3.1590590699202914,2.25460051699316
a,radiomics,LUNG1,4.439130491812287,-1.3252023252054272
a,radiomics,LUNG1,-4.165709264623565,4.317475675631072
a,radiomics,LUNG1,7.96492433800989,-1.800250934145567
a,radiomics,LUNG1,4.075590926001317,-0.9678585553027161
a,radiomics,LUNG1,13.597437224903446,-6.47897136489094
a,radiomics,LUNG1,0.2801538977520404,-1.4362897698360586
a,radiomics,LUNG1,0.6432833893879286,2.8138736213460134
a,radiomics,LUNG1,1.2532840761578588,-0.9408173721129108
a,radiomics,LUNG1,6.952136004487143,-2.1120085046177
a,radiomics,LUNG1,-0.620515228781624,3.5923480177417435
a,radiomics,LUNG1,-2.8068958381824305,6.010005379169264
a,radiomics,LUNG1,2.4108904891401153,-2.982406031561868
a,radiomics,LUNG1,-1.5287254500242737,2.2075188075192815
a,radiomics,LUNG1,-2.3064299208776395,0.2665221486453508
a,radiomics,LUNG1,2.0834631271856807,0.46607889380314244
a,radiomics,LUNG1,5.8684908825865225,1.2385429461965674
a,radiomics,LUNG1,7.583787082780431,-3.1047355144519027
a,radiomics,LUNG1,0.7734407516991432,4.474261446534492
a,radiomics,LUNG1,2.826022640377565,-2.4447162964462548
a,radiomics,LUNG1,-0.9068059394804976,2.2614778885891464
a,radiomics,LUNG1,-0.33557913083545093,2.458240995127029
a,radiomics,LUNG1,2.8005246724003854,-1.5626455023497805
a,radiomics,LUNG1,-0.1394494739247751,-0.2718203728201705
a,radiomics,LUNG1,2.2510221131871355,0.621839567119869
a,radiomics,LUNG1,9.297622162049953,-1.650687104336197
a,radiomics,LUNG1,-0.35279157322834476,1.2580163276666834
a,radiomics,LUNG1,5.450069494374752,-4.8342293433721455
a,radiomics,LUNG1,5.832509220247619,-1.1696316675348366
a,radiomics,LUNG1,-0.9492824374612199,1.1159678132612605
a,radiomics,LUNG1,-0.08465547389118179,0.29559826961160884
a,radiomics,LUNG1,4.842715768042646,-3.678863887072821
a,radiomics,Radiogenomics,-7.386028096424714,-8.953164529549158
a,radiomics,Radiogenomics,8.183335291721423,3.1118046244046966
a,radiomics,Radiogenomics,1.7896264294129407,7.941527624475545
a,radiomics,Radiogenomics,-1.5454587884973172,7.725226803288445
a,radiomics,Radiogenomics,-4.0917674459121205,8.204862643691696
a,radiomics,Radiogenomics,-3.7140645269491963,5.601410564984242
a,radiomics,Radiogenomics,1.3906270510087106,1.5165759374433145
a,radiomics,Radiogenomics,-7.144140579592481,0.737293795703933
a,radiomics,Radiogenomics,-7.735821132803597,9.43074055615537
a,radiomics,Radiogenomics,-1.8186312289230386,8.224990767552034
a,radiomics,Radiogenomics,0.9984627937299454,6.517724460225187
a,radiomics,Radiogenomics,0.8156837730553747,4.797034212776006
a,radiomics,Radiogenomics,-3.9721721183968888,12.696600167150155
a,radiomics,Radiogenomics,-0.018152496641626173,5.358482709183336
a,radiomics,Radiogenomics,-5.829558260383218,6.799609054810896
a,radiomics,Radiogenomics,5.883072900597233,13.200034601550975
a,radiomics,Radiogenomics,-15.651677482479512,-11.377659436206544
a,radiomics,Radiogenomics,9.334191515494723,12.488997766901486
a,radiomics,Radiogenomics,-7.345109990736126,9.981968371001647
a,radiomics,Radiogenomics,-1.3604475871605513,6.023762953123818
a,radiomics,Radiogenomics,-0.19394364597283162,1.7616352032027336
a,radiomics,Radiogenomics,-0.9353854891107349,0.1563895787377003
a,radiomics,Radiogenomics,-3.169676311520801,-2.531140251190308
a,radiomics,Radiogenomics,1.5587133148130632,4.416192543645216
a,radiomics,Radiogenomics,-13.202898076490552,-8.623983185001679
a,radiomics,Radiogenomics,-6.438427618229703,4.801179683529909
a,radiomics,Radiogenomics,5.43958756353801,5.388941799732509
a,radiomics,Radiogenomics,-0.06495237888430713,7.67816805772314
a,radiomics,Radiogenomics,-4.353032154545194,4.101544188209867
a,radiomics,Radiogenomics,-0.6227639998369171,7.309772956558537
a,radiomics,Radiogenomics,-9.491875691484726,18.14384408021879
a,radiomics,Radiogenomics,-17.91403330051902,-6.372944396088492
a,radiomics,Radiogenomics,2.774166211167991,2.0945899631274596
a,radiomics,Radiogenomics,-3.408040239789708,6.1188114591102
a,radiomics,Radiogenomics,2.0388711342049164,4.263382646907842
a,radiomics,Radiogenomics,-8.480139972128326,0.7208917502214485
a,radiomics,Radiogenomics,-4.670787019420337,3.9262117170566535
a,radiomics,Radiogenomics,-13.530792301937447,-9.784033601180766
a,radiomics,Radiogenomics,-1.1800056457191515,8.162672734816342
a,radiomics,Radiogenomics,-2.184030930937516,6.855560771886747
a,radiomics,Radiogenomics,2.1210547690904673,9.02737433212784
a,radiomics,Radiogenomics,-0.16756368590369414,5.6787027679625535
a,radiomics,Radiogenomics,-16.199811074065693,-6.627468953742138
a,radiomics,Radiogenomics,2.6429162114189237,0.7872070677448187
a,radiomics,Radiogenomics,-3.271508685690399,5.387974277985089
a,radiomics,Radiogenomics,-13.045608180597094,2.1475129820482883
a,radiomics,Radiogenomics,-16.989876076402396,-2.2176403253237233
a,radiomics,Radiogenomics,-10.978986933109402,-7.3781198726939605
a,radiomics,Radiogenomics,0.7378129349824213,7.3751290371036236
a,radiomics,Radiogenomics,-1.1149987227870082,6.121927181008918
a,radiomics,Radiogenomics,-16.286304127732812,-1.8678093439210128
a,radiomics,Radiogenomics,-5.193437943046454,6.939477408060064
a,radiomics,Radiogenomics,-5.162043399539643,6.3108843195148046
a,radiomics,Radiogenomics,0.6571556286091316,3.099984728705732
a,radiomics,Radiogenomics,-14.026141359150959,-3.0649257108146797
a,radiomics,Radiogenomics,-3.107014860193174,10.177605259699611
a,radiomics,Radiogenomics,-0.6835292208741768,5.296853957467462
a,radiomics,Radiogenomics,-21.24876700572497,-0.7709803061379665
a,radiomics,Radiogenomics,-12.62842724992052,-0.9416759021035482
a,radiomics,Radiogenomics,-16.48791224128077,-3.062290735707048
a,radiomics,Radiogenomics,-3.58668938628645,6.294491949162597
a,radiomics,Radiogenomics,0.5128769582875884,5.14132357704788
a,radiomics,Radiogenomics,-20.16746395895493,-3.66320372902911
a,radiomics,Radiogenomics,-8.576275925967026,-2.1399322833280148
a,radiomics,Radiogenomics,-5.2827369455963815,-1.0496484871096798
a,radiomics,Radiogenomics,-13.465635592554444,-9.624968847171127
a,radiomics,Radiogenomics,-19.88944040968629,-2.8133537375685584
a,radiomics,Radiogenomics,6.103994200518249,4.283647982459666
a,radiomics,Radiogenomics,-14.261951056798827,-4.891262594539759
a,radiomics,Radiogenomics,-2.1572057845384776,6.71625265516726
a,radiomics,Radiogenomics,-7.210062603771131,1.583592982775239
a,radiomics,Radiogenomics,-10.757483479567137,-6.497605418180642
a,radiomics,Radiogenomics,-19.76023267668517,-2.174008907505177
a,radiomics,Radiogenomics,-17.87353398731084,-3.234501971359392
a,radiomics,Radiogenomics,-19.816753457806207,-0.14671669982749916
a,radiomics,Radiogenomics,2.6217859462413795,-4.27862557963415
a,radiomics,Radiogenomics,1.62001871343536,-0.6455979246131225
a,radiomics,Radiogenomics,-16.381345140714828,-1.1846250009491601
a,radiomics,Radiogenomics,-5.767066825608613,6.10791677067781
a,radiomics,Radiogenomics,0.693094977531345,5.348499811299042
a,radiomics,Radiogenomics,-3.140330121443798,7.440568265867417
a,radiomics,Radiogenomics,4.05586231854759,-3.5285645152572216
a,radiomics,Radiogenomics,-0.982979595196303,3.016736431902561
a,radiomics,Radiogenomics,-3.1208710424584707,6.6362288295021825
a,radiomics,Radiogenomics,1.7937580896933998,-5.935647721145756
a,radiomics,Radiogenomics,6.243484289275427,-4.585392430106559
a,radiomics,Radiogenomics,-2.2825889420842054,4.150363413748191
a,radiomics,Radiogenomics,-3.9387131259437345,6.298407162895545
a,radiomics,Radiogenomics,-2.247672300331645,-0.45947590620455575
a,radiomics,Radiogenomics,-0.9330685403332515,3.6262654892357395
a,radiomics,Radiogenomics,7.651737210838844,-6.994300952376474
a,radiomics,Radiogenomics,-5.140330682011487,2.506562485420243
a,radiomics,Radiogenomics,-2.3459152248354926,2.797290310576209
a,radiomics,Radiogenomics,-1.9468584481173512,7.512093010876804
a,radiomics,Radiogenomics,0.8564920265193217,-1.0859128457265808
a,radiomics,Radiogenomics,-5.053647321320876,7.946511903902285
a,radiomics,Radiogenomics,-2.7262567426117186,6.238163624071893
a,radiomics,Radiogenomics,2.004118193854615,8.276273870814148
a,radiomics,Radiogenomics,-20.938690490951323,-6.924040426313254
a,radiomics,Radiogenomics,-8.664000412575598,-2.4241043637106574
a,radiomics,Radiogenomics,-4.444056031152974,2.856133936851346
a,radiomics,Radiogenomics,-3.415152678740423,-0.19119581712850667
a,radiomics,Radiogenomics,-0.002340972316984695,0.41172630078323885
a,radiomics,Radiogenomics,-1.4515758258542397,6.378043008074347
a,radiomics,Radiogenomics,-5.365385955313137,-3.796948767275382
a,radiomics,Radiogenomics,0.7857655356265132,-1.0940671242785687
a,radiomics,Radiogenomics,-4.809685418534788,4.816651448535214
a,radiomics,Radiogenomics,-6.088116020062848,8.778389539501827
a,radiomics,Radiogenomics,-3.1874299053318724,6.5628380933115
a,radiomics,Radiogenomics,1.3799427184971438,-1.8512338670347812
a,radiomics,Radiogenomics,-3.1101322781048752,7.492003386924635
a,radiomics,Radiogenomics,-5.242746774459049,9.558024364098546
a,radiomics,Radiogenomics,2.985457562620121,-2.2864632504934908
a,radiomics,Radiogenomics,3.958459102803699,-4.37265829100627
a,radiomics,Radiogenomics,-2.88216404909767,3.2497996746490023
a,radiomics,Radiogenomics,-3.6914169098244827,-1.6752874480188438
a,radiomics,Radiogenomics,-5.217095185904094,11.89245971921262
a,radiomics,Radiogenomics,1.8099870124605306,1.1564275805487263
a,radiomics,Radiogenomics,3.527647684109735,-4.090514294666581
a,radiomics,Radiogenomics,1.3864553924574234,1.3650709942999264
a,radiomics,Radiogenomics,-9.257442782301629,8.635366248071215
a,radiomics,Radiogenomics,-2.5924252644702785,4.555502883221487
a,radiomics,Radiogenomics,2.103804858784815,-4.6887789722643225
a,radiomics,Radiogenomics,-18.853278981056654,-6.7114230545302656
a,radiomics,Radiogenomics,-7.5396235475675315,8.700311846602466
a,radiomics,Radiogenomics,4.899355358752903,-6.045910021108174
a,radiomics,Radiogenomics,-5.879103043264872,-2.384820063133717
a,radiomics,Radiogenomics,0.38684639635423795,-4.463498724891695
a,radiomics,Radiogenomics,0.8648377035899569,-2.562224266268257
a,radiomics,Radiogenomics,-9.413652371610414,-1.4118496032420595
a,radiomics,Radiogenomics,-1.6713067443016707,4.491091964255534
a,radiomics,Radiogenomics,-6.387965286503064,7.825942661394941
a,radiomics,Radiogenomics,-1.813926741157739,6.49790648337532
a,radiomics,Radiogenomics,-7.5922822990549905,-0.2496617894901535
a,radiomics,Radiogenomics,5.492470642269164,-5.166217495328755
a,radiomics,Radiogenomics,-0.7799579357686026,4.724398534562151
a,radiomics,Radiogenomics,-3.5892831546099786,7.560557317746811
a,radiomics,Radiogenomics,-1.1304925798470176,1.6685878447557136
a,radiomics,Radiogenomics,-13.19845104391201,-10.210734329476374
a,radiomics,Radiogenomics,-1.1768762029282378,-2.292275287720566
a,radiomics,Radiogenomics,-3.541967115246441,8.53648635563858
a,radiomics,Radiogenomics,-5.857079169809482,8.123078732965025
a,radiomics,Radiogenomics,-0.5211248833692024,-2.6144983362683063
a,radiomics,Radiogenomics,-5.444458345426211,7.645500099951721
a,radiomics,Radiogenomics,-5.481394002793027,7.872907628291933
a,radiomics,Radiogenomics,-3.071811527643909,8.183264108366775
a,radiomics,Radiogenomics,-1.4953834580931853,5.703267324830301
a,radiomics,Radiogenomics,-5.187003215359694,0.7501247391559841
a,radiomics,Radiogenomics,-13.292121653698288,1.2936620032121384
a,radiomics,Radiogenomics,-10.606947309085914,-8.3746681287114
a,radiomics,Radiogenomics,-14.960258739942986,-0.3121764961432245
a,radiomics,Radiogenomics,-14.95266251157075,-5.5647146811858015
a,radiomics,Radiogenomics,-11.02378014736211,-6.415545571179042
a,radiomics,Radiogenomics,-6.601664695777052,-1.0280616222508898
a,radiomics,Radiogenomics,2.159371986127639,11.291359810233812
a,radiomics,Radiogenomics,-15.298908228309944,-8.704121955716658
a,radiomics,Radiogenomics,-19.04800755429016,-0.5284718475449834
a,radiomics,Radiogenomics,-15.185900625410653,0.4366662343299455
a,radiomics,Radiogenomics,-12.369088205797933,-1.3458494858468741
a,radiomics,Radiogenomics,-3.4155891076303044,6.513444990526029
a,radiomics,Radiogenomics,-4.382150482183697,6.902503867595369
a,radiomics,Radiogenomics,-4.617475830326354,7.145463228468168
a,radiomics,Radiogenomics,-3.131279658723709,3.8168906314209443
a,radiomics,Radiogenomics,-4.198655104791579,6.5441285627721815
a,radiomics,Radiogenomics,-4.390428583833106,-4.222283801910624
a,radiomics,Radiogenomics,-8.010571752144795,-2.8368122795771646
a,radiomics,Radiogenomics,-11.585448614136416,-4.5433031288624335
a,radiomics,Radiogenomics,-3.9701141268225872,8.625618608076428
a,radiomics,Radiogenomics,-15.717996595755373,-3.935458657609837
a,radiomics,Radiogenomics,-7.541845278721729,-5.6287639938111615
a,radiomics,Radiogenomics,-7.108315318508998,-5.271741906159115
a,radiomics,Radiogenomics,-6.550477324623063,5.5063700078628095
a,radiomics,Radiogenomics,-6.053611485374912,5.646222009406651
a,radiomics,Radiogenomics,-16.887267748582705,-6.785031980615835
a,radiomics,Radiogenomics,-6.768739815223914,-0.17450739017724465
a,radiomics,Radiogenomics,-0.9465407964604989,6.539303040252736
a,radiomics,Radiogenomics,-17.09679413215392,-6.161568534774308
a,radiomics,Radiogenomics,1.2346172658746464,-2.2027075014086384
a,radiomics,Radiogenomics,-2.98966671782384,5.942521767612541
a,radiomics,Radiogenomics,-20.260380605676872,-6.862562803744887
a,radiomics,Radiogenomics,-20.248981067283438,-2.88038929713438
a,radiomics,Radiogenomics,-13.441973581297788,-5.633162657168327
a,radiomics,Radiogenomics,-14.971234079066305,1.4084981507964474
a,radiomics,Radiogenomics,-17.477394517648342,-5.931879268833018
a,radiomics,Radiogenomics,-2.415984971353213,4.4110921748219605
a,radiomics,Radiogenomics,1.1024372680724577,-4.563999814188501
a,radiomics,Radiogenomics,3.656707652254366,7.151780598640643
a,radiomics,Radiogenomics,-17.061960249628168,-5.878520888679158
a,radiomics,Radiogenomics,-13.515250358382795,-9.004306946245057
a,radiomics,Radiogenomics,-13.53852731218991,0.11375411875361656
a,radiomics,Radiogenomics,8.907074169169796,4.520404093685438
a,radiomics,Radiogenomics,-8.469751635771576,-8.24656286846811
a,radiomics,Radiogenomics,-18.685600669749874,-4.7825271346083795
a,radiomics,Radiogenomics,-17.695151395890605,-6.108926982200068
a,radiomics,Radiogenomics,-8.682529453133965,-7.719710005263212
a,radiomics,Radiogenomics,-10.658239911608751,-10.52287803971075
a,radiomics,Radiogenomics,-10.480382300951987,-11.08008439538422
a,radiomics,Radiogenomics,-16.507977702773836,-7.655282954595843
a,radiomics,Radiogenomics,2.3823237260713346,-2.2653513939003624
a,radiomics,Radiogenomics,-13.8934568071833,-6.703942717567987
a,radiomics,Radiogenomics,-15.738953277309285,-5.694199026933504
a,radiomics,Radiogenomics,9.10811469693108,-1.9402865128683846
a,radiomics,Radiogenomics,-0.21935456338884088,-11.645484448469274
a,radiomics,Radiogenomics,-5.147719638530631,-0.9626474605960778
a,radiomics,Radiogenomics,-14.72193861877582,-7.524979523497894
a,radiomics,Radiogenomics,-11.096166424352013,-9.899861242138934
a,radiomics,Radiogenomics,4.90764486891795,-3.4069334183526983
a,radiomics,Radiogenomics,5.672636694145718,-6.177137450719691
a,radiomics,Radiogenomics,3.5353681896149016,-6.5368397970995265
a,radiomics,Radiogenomics,-17.481471564329112,-7.841356605943002
a,radiomics,Radiogenomics,-9.846512836889264,-4.412338363010692
b,radiomics,LUNG1,-2.2450527589216795,-1.319921728403776
b,radiomics,LUNG1,11.716990832130707,1.3622450190781314
b,radiomics,LUNG1,2.990094812341053,0.7977905847954954
b,radiomics,LUNG1,-7.619259555123822,-1.640288591887652
b,radiomics,LUNG1,5.131910209351167,3.6688885921870225
b,radiomics,LUNG1,-8.787308098537238,-5.314885681947735
b,radiomics,LUNG1,-1.3739713161942069,1.3500777469200576
b,radiomics,LUNG1,6.639097879317151,2.8000616579419564
b,radiomics,LUNG1,7.304180819489351,0.28469541680331967
b,radiomics,LUNG1,2.1004721572923417,-1.2698086770308754
b,radiomics,LUNG1,0.8266893090849551,-0.46111298756867036
b,radiomics,LUNG1,1.1632026770216273,-1.9147249596709055
b,radiomics,LUNG1,-4.1360238306635155,-1.976549273777075
b,radiomics,LUNG1,-0.22705444406734185,-6.975124025662479
b,radiomics,LUNG1,-8.303598930067746,-2.6597681753211564
b,radiomics,LUNG1,16.045120343187016,2.6605756328916965
b,radiomics,LUNG1,8.420243510666428,-2.958347155289745
b,radiomics,LUNG1,6.945441077971411,-1.9141481622920267
b,radiomics,LUNG1,-10.145731308468898,-0.8169184885470852
b,radiomics,LUNG1,2.63689502882693,-8.242521781282168
b,radiomics,LUNG1,-1.2346178064794724,-0.04370341909798577
b,radiomics,LUNG1,2.0837685948171414,-4.284105455937814
b,radiomics,LUNG1,7.206978286410288,-0.6792964610545967
b,radiomics,LUNG1,3.353336031021987,-1.0788881492205502
b,radiomics,LUNG1,-0.07521892194421241,0.4052375434523446
b,radiomics,LUNG1,9.467854341026424,8.34959604131926
b,radiomics,LUNG1,-9.19100358313479,-1.6237299935536653
b,radiomics,LUNG1,2.860840534517461,-2.1828011079492473
b,radiomics,LUNG1,-0.9638664244814449,-1.4658156768117907
b,radiomics,LUNG1,-3.2095014810727953,1.232113080598646
b,radiomics,LUNG1,-2.0787596480731594,1.9630919145321615
b,radiomics,LUNG1,3.212387016168603,-5.135637461943457
b,radiomics,LUNG1,-5.853040540575055,-1.8313805164120074
b,radiomics,LUNG1,-0.25285074735498,0.5519990216546448
b,radiomics,LUNG1,3.607361980252333,3.751289015392785
b,radiomics,LUNG1,-7.525307875806183,-4.360547572783508
b,radiomics,LUNG1,0.8678125200345337,-0.05111115849327077
b,radiomics,LUNG1,1.80412130752899,0.16695050091255317
b,radiomics,LUNG1,-0.2298448711849859,-0.2954356930492212
b,radiomics,LUNG1,8.715103207360057,7.034207504654532
b,radiomics,LUNG1,2.649952456974204,2.648982804672256
b,radiomics,LUNG1,7.408124830540512,4.017866300673375
b,radiomics,LUNG1,1.7439824033587752,-0.17467538858554552
b,radiomics,LUNG1,3.794336864714238,2.013017036939358
b,radiomics,LUNG1,4.133301558867983,-1.2116325548602702
b,radiomics,LUNG1,16.88724949869613,-1.001221001399039
b,radiomics,LUNG1,-2.507215937376175,1.6075748345320302
b,radiomics,LUNG1,5.363397287989617,0.9420234094522533
b,radiomics,LUNG1,-3.8878559388988414,-3.6477946363657043
b,radiomics,LUNG1,6.249416090373524,6.055097326608261
b,radiomics,LUNG1,-6.389518988842753,-5.380755073449201
b,radiomics,LUNG1,10.469361905320081,4.174237178926488
b,radiomics,LUNG1,13.402237967222508,1.7389657988827374
b,radiomics,LUNG1,-1.1740263710645351,0.010829598870762366
b,radiomics,LUNG1,3.9592548246828123,2.8260017243629045
b,radiomics,LUNG1,-1.799506979484987,-2.4865330662148857
b,radiomics,LUNG1,2.6673148432403915,1.9293522876826918
b,radiomics,LUNG1,1.179331143180846,-2.876528642109926
b,radiomics,LUNG1,-0.28278406982035464,2.859343296434305
b,radiomics,LUNG1,-1.1146561894047178,-1.7797159205668416
b,radiomics,LUNG1,-7.1542546310421535,0.7704883101385094
b,radiomics,LUNG1,1.6981578973549711,-0.5571313878005674
b,radiomics,LUNG1,-0.5881913264534467,3.406725822343239
b,radiomics,LUNG1,-4.247892434067496,-2.035540120226986
b,radiomics,LUNG1,12.191274826641436,0.36676398627339407
b,radiomics,LUNG1,-1.8433829632519274,3.4968229817146814
b,radiomics,LUNG1,-0.5150315220841705,0.785458712820967
b,radiomics,LUNG1,0.13726377279233878,1.505433516116709
b,radiomics,LUNG1,3.681395628513196,2.3774725711292986
b,radiomics,LUNG1,-3.0747540006737792,-5.538415930956038
b,radiomics,LUNG1,0.0054668734507049,2.669835422733508
b,radiomics,LUNG1,4.5999845229990095,-3.5331604336730393
b,radiomics,LUNG1,0.751550439087418,4.048832011296471
b,radiomics,LUNG1,6.653139020506659,4.798151945428018
b,radiomics,LUNG1,-5.825148049214102,-1.0331863823942007
b,radiomics,LUNG1,1.1543331951733733,0.29436275420607005
b,radiomics,LUNG1,-0.2925498032954382,4.643027701511446
b,radiomics,LUNG1,-4.891669210765213,-1.56297950285241
b,radiomics,LUNG1,11.201285494262804,7.851621299259793
b,radiomics,LUNG1,2.288063117453667,-0.031975272682269254
b,radiomics,LUNG1,-1.6369982928255413,0.1266693765531014
b,radiomics,LUNG1,-1.8734106637522032,3.1231409113012916
b,radiomics,LUNG1,-6.558359760825851,-1.296362642916622
b,radiomics,LUNG1,-1.7984805654830385,-2.6062839067975547
b,radiomics,LUNG1,-2.058231854625804,-0.06434908067738479
b,radiomics,LUNG1,-4.9250296149886115,2.346501398593001
b,radiomics,LUNG1,-7.628775872643826,-0.1368961850265493
b,radiomics,LUNG1,10.68618356789788,-4.993553512437277
b,radiomics,LUNG1,1.3571631752053501,-2.132926172297234
b,radiomics,LUNG1,-11.777609761666728,-3.0443665962822037
b,radiomics,LUNG1,-0.4252481690304119,-0.8952121218086437
b,radiomics,LUNG1,-1.7679609944557548,-0.5014671985852739
b,radiomics,LUNG1,-1.679904508798336,-1.4895397852293575
b,radiomics,LUNG1,1.3767052953579155,1.8570315906665844
b,radiomics,LUNG1,20.26801711859121,13.130492058192363
b,radiomics,LUNG1,2.947747502367514,-2.0647098351683915
b,radiomics,LUNG1,-0.8409741335930435,-1.9309902195612743
b,radiomics,LUNG1,-4.4399949022594765,-0.8237201629903969
b,radiomics,LUNG1,-7.037609857508745,-0.543527987906641
b,radiomics,LUNG1,5.861276107216319,-2.7096865475589103
b,radiomics,LUNG1,-1.8861516960925606,1.2053507933487153
b,radiomics,LUNG1,-3.159068155547304,-1.3850546521113238
b,radiomics,LUNG1,0.33729129787740697,-1.9881315600804992
b,radiomics,LUNG1,-0.8542036436716783,1.4795540419954123
b,radiomics,LUNG1,-2.961917935355813,-3.8180958335279738
b,radiomics,LUNG1,-4.600273665574154,3.5198434789135074
b,radiomics,LUNG1,-0.1850794773074401,-1.0712365340738885
b,radiomics,LUNG1,-1.261837435373124,-2.180312050807685
b,radiomics,LUNG1,0.46387249246274825,1.7223776702101943
b,radiomics,LUNG1,-1.9923127042408957,-0.41231669531247067
b,radiomics,LUNG1,-3.8919683928896416,-2.518457394278449
b,radiomics,LUNG1,-8.504093749266286,-2.3522776929925806
b,radiomics,LUNG1,3.920169720449668,-0.44983175135312686
b,radiomics,LUNG1,-5.619798479881579,-1.732417647193332
b,radiomics,LUNG1,3.2583041398466257,0.21408006628764442
b,radiomics,LUNG1,-8.647234501191104,-4.096283818451089
b,radiomics,LUNG1,-0.07165767995579149,-0.24914385777851716
b,radiomics,LUNG1,-7.829954835085142,-2.396701710242123
b,radiomics,LUNG1,1.4265183011551745,-1.8716580769408449
b,radiomics,LUNG1,-4.250319632463081,-0.9513180059325635
b,radiomics,LUNG1,-1.9192631076405344,-3.0780664638196256
b,radiomics,LUNG1,-3.649455109472956,-0.8768790205613357
b,radiomics,LUNG1,-1.7894180696435953,-0.6710217199620166
b,radiomics,LUNG1,-3.093938498261467,-4.562478537318821
b,radiomics,LUNG1,2.247173924667883,-0.7196442855872013
b,radiomics,LUNG1,-1.506832959073541,0.7508279137149342
b,radiomics,LUNG1,-1.6388410123406747,-1.2585213160391753
b,radiomics,LUNG1,1.5529843658730176,-0.5818510631006463
b,radiomics,LUNG1,7.370507427526805,1.5890584930844767
b,radiomics,LUNG1,4.320694887354658,-0.9440628903930491
b,radiomics,LUNG1,-3.2798837643703864,-0.16983159581742993
b,radiomics,LUNG1,4.143969764614816,1.388669067100386
b,radiomics,LUNG1,-8.737151471826895,-6.152912883331485
b,radiomics,LUNG1,-6.490011202410224,-3.6423493899470074
b,radiomics,LUNG1,-5.03312264204372,1.2800739118613522
b,radiomics,LUNG1,9.029124576036113,0.2978496822438623
b,radiomics,LUNG1,0.27200415913529763,2.0238545687601857
b,radiomics,LUNG1,-3.0909372434348,31.087797527756607
b,radiomics,LUNG1,-0.12872915981757554,0.007090365289944278
b,radiomics,LUNG1,4.118039947725577,0.7714821672808315
b,radiomics,LUNG1,4.735589083039174,-2.4358826952648163
b,radiomics,LUNG1,7.428319400282573,2.9745677199138436
b,radiomics,LUNG1,8.86156346794763,5.017028534103395
b,radiomics,LUNG1,-6.222935391777955,3.206189083229065
b,radiomics,LUNG1,8.681998977430908,-2.535007624071971
b,radiomics,LUNG1,-4.7409565553240025,2.380693292966666
b,radiomics,LUNG1,-1.8190291217110426,-0.12505782964792558
b,radiomics,LUNG1,11.169480713621487,-1.9402284699163674
b,radiomics,LUNG1,-1.1343875828611352,2.7580966566231617
b,radiomics,LUNG1,-1.5288678287507056,2.24771598848777
b,radiomics,LUNG1,-3.2941395611395925,-7.5924803382880555
b,radiomics,LUNG1,-1.1663155190752823,-7.980754032849332
b,radiomics,LUNG1,5.183820336287274,-1.8122988801600055
b,radiomics,LUNG1,0.7330050385002592,-3.0515632759482316
b,radiomics,LUNG1,4.418222710879842,0.25655584387681085
b,radiomics,LUNG1,11.229228285088219,9.455571097388953
b,radiomics,LUNG1,-3.5282058366328517,0.18912144841589643
b,radiomics,LUNG1,-1.7807310648218089,6.436343361948794
b,radiomics,LUNG1,3.632432486145089,-3.2154902977761184
b,radiomics,LUNG1,-7.40241698801063,-8.37291067102043
b,radiomics,LUNG1,-5.674868215078724,-0.9967100023964517
b,radiomics,LUNG1,0.5711546660827383,-1.9459732411614072
b,radiomics,LUNG1,9.605077866142677,4.4617109755884075
b,radiomics,LUNG1,6.046740070813279,5.551391212385694
b,radiomics,LUNG1,-2.340833642385156,-1.8201550434329414
b,radiomics,LUNG1,-4.3332403856946184,-0.4978637285369234
b,radiomics,LUNG1,0.5204408145661623,-4.199244076063927
b,radiomics,LUNG1,-3.5597661220423094,2.8360729170925887
b,radiomics,LUNG1,-2.293016607778505,-1.3705255527599856
b,radiomics,LUNG1,-2.257118277902553,-2.573509109430541
b,radiomics,LUNG1,-0.2979514576327736,-3.879097903599769
b,radiomics,LUNG1,2.3970894749912555,-0.4853799370014898
b,radiomics,LUNG1,-0.436388566359248,-2.1549255662782087
b,radiomics,LUNG1,-6.518831401525705,-1.4173986280738433
b,radiomics,LUNG1,-1.0069502196017168,-2.0933225541205815
b,radiomics,LUNG1,-1.038730070516804,0.056517307275589145
b,radiomics,LUNG1,7.727689320943187,3.390298851858308
b,radiomics,LUNG1,-1.539223616388418,-1.0105891471139747
b,radiomics,LUNG1,-3.788883212510579,-3.7376539506484905
b,radiomics,LUNG1,-1.0889326554156744,-3.3587502598322603
b,radiomics,LUNG1,-0.07572635210942959,-3.80005855895395
b,radiomics,LUNG1,-2.575840100653335,4.213201758511867
b,radiomics,LUNG1,3.016035353472044,0.8977607369994743
b,radiomics,LUNG1,-6.364553536770146,-1.4435528096303003
b,radiomics,LUNG1,8.53711260033525,-3.346086478471464
b,radiomics,LUNG1,-0.10942389896756004,-2.04430463933565
b,radiomics,LUNG1,4.186076340649782,4.392142331418134
b,radiomics,LUNG1,-2.7311800653587452,-0.2895673293421799
b,radiomics,LUNG1,3.1115244725523743,-1.7411308822604263
b,radiomics,LUNG1,0.36516610225974144,-0.09605332921808939
b,radiomics,LUNG1,-2.724902909546099,-5.152044897567991
b,radiomics,LUNG1,17.051364202187447,0.9219520502089089
b,radiomics,LUNG1,6.918991754680386,3.5684392799585667
b,radiomics,LUNG1,-4.877067646953398,-3.7489151114853723
b,radiomics,LUNG1,1.9929023372193486,0.8889713933712632
b,radiomics,LUNG1,16.749663847894762,2.9242328845909196
b,radiomics,LUNG1,4.173244638289485,-4.390756144049924
b,radiomics,LUNG1,4.041760659477246,-1.1535868530783946
b,radiomics,LUNG1,0.434914321969459,2.3595087867354323
b,radiomics,LUNG1,15.124116322720123,4.254869590496318
b,radiomics,LUNG1,0.13524125967575978,-1.1734309789408899
b,radiomics,LUNG1,2.687512526171915,3.521438157865116
b,radiomics,LUNG1,7.31653665807619,-1.587478328290052
b,radiomics,LUNG1,-2.1220010953051744,-0.5012406343327654
b,radiomics,LUNG1,7.718249470336824,-2.1833330961845308
b,radiomics,LUNG1,-4.861883159057557,-2.328064670454029
b,radiomics,LUNG1,-1.7757028029412567,-5.5440804948877815
b,radiomics,LUNG1,2.1785997425739625,-3.0637819000141255
b,radiomics,LUNG1,-6.954937747733661,-2.686694923093004
b,radiomics,LUNG1,-0.8497645360525846,-6.326878257241597
b,radiomics,LUNG1,-0.797388096141593,-1.1076466149533897
b,radiomics,LUNG1,5.702491239660613,-0.4522982456429264
b,radiomics,LUNG1,-0.8623336247849943,-2.379780086203339
b,radiomics,LUNG1,-3.904061601656628,-2.195671641929281
b,radiomics,LUNG1,5.4814312432940815,0.3176797484571025
b,radiomics,LUNG1,3.394782972734897,-6.910962375935021
b,radiomics,LUNG1,10.23638353200816,0.7020691442986666
b,radiomics,LUNG1,2.1670469088504944,-2.842989298841085
b,radiomics,LUNG1,-7.045328978525605,0.9313713367167132
b,radiomics,LUNG1,3.0689532736102114,-2.2642862462118676
b,radiomics,LUNG1,4.186037580041227,-1.7255378279706894
b,radiomics,LUNG1,-3.7370143971680374,-3.7401841910177493
b,radiomics,LUNG1,1.4990255646971846,-3.4061452660765754
b,radiomics,LUNG1,3.1130426863918585,-1.7181392690309962
b,radiomics,LUNG1,-1.5525303498167837,-0.42924162204432276
b,radiomics,LUNG1,3.470846036727824,2.5690459138107347
b,radiomics,LUNG1,8.03229641958193,-1.3477118466699682
b,radiomics,LUNG1,11.37646256825631,3.7215519841046416
b,radiomics,LUNG1,0.7614682061146828,-1.428117304867683
b,radiomics,LUNG1,1.3811687225200748,2.3665526650380695
b,radiomics,LUNG1,-6.074991290428052,-0.02904917276829973
b,radiomics,LUNG1,-4.219884384147239,0.42716951920999363
b,radiomics,LUNG1,7.650236667709127,1.8889059085501898
b,radiomics,LUNG1,1.6994077021490732,0.5630926699644175
b,radiomics,LUNG1,4.057436373450105,1.5449664341648526
b,radiomics,LUNG1,3.9558725393709917,4.107171940723838
b,radiomics,LUNG1,2.214371798002886,0.7742776099539067
b,radiomics,LUNG1,-0.8321620926319729,2.7444848540983817
b,radiomics,LUNG1,-0.9545712038253881,3.152482633603741
b,radiomics,LUNG1,-1.7028591076393056,0.2534367741482095
b,radiomics,LUNG1,2.817287498202262,-1.5561099006413044
b,radiomics,LUNG1,0.7662676141431016,1.8132418441413178
b,radiomics,LUNG1,2.080080150783038,1.5569565801314107
b,radiomics,LUNG1,-1.5453056496133017,5.266426798192317
b,radiomics,LUNG1,-5.023339312699288,-0.8923758975596161
b,radiomics,LUNG1,-5.960170320930241,1.2191014427109002
b,radiomics,LUNG1,3.1607350598238444,0.5828496747058894
b,radiomics,LUNG1,15.620795652918838,5.358414325928141
b,radiomics,LUNG1,2.477030506851824,2.594617401383468
b,radiomics,LUNG1,-5.315869791964451,0.5447248873257029
b,radiomics,LUNG1,-2.66395104101795,-0.8663519325738098
b,radiomics,LUNG1,14.229168298657118,0.2599777645338054
b,radiomics,LUNG1,3.23203482427883,0.41872895301032503
b,radiomics,LUNG1,-7.426705993813453,0.11544831898960572
b,radiomics,LUNG1,-11.221923847826325,-2.6778030433057634
b,radiomics,LUNG1,0.3495372477173384,0.45387679588695506
b,radiomics,LUNG1,6.309842525964674,3.6699240035993395
b,radiomics,LUNG1,1.0218686993264732,-0.7396772007335741
b,radiomics,LUNG1,5.682693519596087,-0.6697720741843067
b,radiomics,LUNG1,-9.330756732985689,-1.8693227267292936
b,radiomics,LUNG1,0.2459172111419362,1.9264733461901746
b,radiomics,LUNG1,-3.2673268059189153,0.43695556147328907
b,radiomics,LUNG1,-6.4055209546414815,0.899247867192093
b,radiomics,LUNG1,-3.1662515780660963,0.6286429133876084
b,radiomics,LUNG1,-2.56425954692309,-3.4409180340668013
b,radiomics,LUNG1,-3.888749191198137,0.9055238889365637
b,radiomics,LUNG1,-4.40976426239249,0.22750451435715316
b,radiomics,LUNG1,2.820211242863855,-2.7700711873390156
b,radiomics,LUNG1,2.6450465127659895,2.9837585724872073
b,radiomics,LUNG1,-5.4884603949092,-2.2699496953221034
b,radiomics,LUNG1,-4.175202564732684,-2.069651075186714
b,radiomics,LUNG1,-4.5692452379825745,0.5089030050894869
b,radiomics,LUNG1,-11.06089997752791,-6.4246820847997546
b,radiomics,LUNG1,-2.3428702217560726,2.057311145107728
b,radiomics,LUNG1,-0.03856983849241834,2.4648745540934742
b,radiomics,LUNG1,-1.5034077605039746,0.502781370729621
b,radiomics,LUNG1,6.427753036246757,-0.1969918437612871
b,radiomics,LUNG1,-4.8347784516188,-2.5884380631195456
b,radiomics,LUNG1,-10.023056045235842,-2.6297004845106717
b,radiomics,LUNG1,9.236451336303388,2.212672200939098
b,radiomics,LUNG1,-1.2651507087149954,-5.413643728174732
b,radiomics,LUNG1,-3.8575027579856687,-0.016580169983527345
b,radiomics,LUNG1,16.008945120556223,5.613104120831089
b,radiomics,LUNG1,-3.6539575860760696,-0.5570586072368737
b,radiomics,LUNG1,7.677320223376679,0.05863720728755545
b,radiomics,LUNG1,11.767862759848832,4.577559527195087
b,radiomics,LUNG1,-3.590761836442843,4.267382673712856
b,radiomics,LUNG1,-3.7120022256804357,0.7922233651792332
b,radiomics,LUNG1,-2.234334295794001,3.1209079902786563
b,radiomics,LUNG1,-6.355854566215863,0.592787611146744
b,radiomics,LUNG1,-2.4145987583441246,-0.1478987424656689
b,radiomics,LUNG1,1.6572945754845085,-4.356183833105941
b,radiomics,LUNG1,-5.998759014388634,-0.9245385599301301
b,radiomics,LUNG1,-2.297860276039848,0.4467954995152872
b,radiomics,LUNG1,1.0000952331868695,1.247713555564746
b,radiomics,LUNG1,-4.893127127540674,-2.115926208945348
b,radiomics,LUNG1,-2.719226811184791,1.773082703173664
b,radiomics,LUNG1,-7.466350264864724,-1.3966710283406392
b,radiomics,LUNG1,-2.9579468915583544,-0.21258781484542158
b,radiomics,LUNG1,-2.6808507005729902,-5.209050055750553
b,radiomics,LUNG1,4.162371603360107,3.244923085561261
b,radiomics,LUNG1,-1.639631649932736,-4.239481971649979
b,radiomics,LUNG1,25.680121532436733,-4.736579838037348
b,radiomics,LUNG1,-1.0895994411480896,2.2594473383070803
b,radiomics,LUNG1,0.004549273644940536,-0.232771178039842
b,radiomics,LUNG1,1.5442487975238126,-6.689725913999026
b,radiomics,LUNG1,1.9741152823749393,0.17477058073643068
b,radiomics,LUNG1,9.599514099110227,5.833842759329845
b,radiomics,LUNG1,-0.1489981450531299,-6.154741958632339
b,radiomics,LUNG1,7.476184666696863,5.3601514820294
b,radiomics,LUNG1,-3.8371144117430926,-4.510114295997536
b,radiomics,LUNG1,-5.98786654758277,-1.9016059838634507
b,radiomics,LUNG1,-3.648320040284523,-0.7151914074740175
b,radiomics,LUNG1,2.6331267239917877,3.6307151607478176
b,radiomics,LUNG1,0.36634722539935094,-4.228418117768831
b,radiomics,LUNG1,-4.697669658228018,-1.7038846698018428
b,radiomics,LUNG1,-5.8578910872149565,2.227343029073146
b,radiomics,LUNG1,-2.241353150621587,-1.670277009798365
b,radiomics,LUNG1,-0.0833504386482961,-2.2399530276176467
b,radiomics,LUNG1,0.588056720498391,1.8167048861191872
b,radiomics,LUNG1,-11.32134359025375,-2.518752467325356
b,radiomics,LUNG1,-4.181981448594683,-6.9335814800006315
b,radiomics,LUNG1,-1.8379294265044672,0.4176309762933407
b,radiomics,LUNG1,1.6474500435635884,-0.01923910427675476
b,radiomics,LUNG1,-7.020210600850885,-3.6453844803206863
b,radiomics,LUNG1,-2.2880141545831187,1.9457683927491334
b,radiomics,LUNG1,-2.527313649311779,-2.5998781926994474
b,radiomics,LUNG1,-7.829441936409201,-4.351099505770205
b,radiomics,LUNG1,-4.574999493488885,-1.1332415633933457
b,radiomics,LUNG1,-4.968734351719137,-1.5531908349634855
b,radiomics,LUNG1,0.2642042162925872,9.951302713029799
b,radiomics,LUNG1,-7.567850712850669,-6.929392058304602
b,radiomics,LUNG1,1.981616293916749,2.7144362850216917
b,radiomics,LUNG1,-3.523490561050023,2.006402788911129
b,radiomics,LUNG1,3.690873420298476,1.5159843629582073
b,radiomics,LUNG1,-8.508681818460103,-0.1625933557191035
b,radiomics,LUNG1,-2.713153196964456,1.215216352240518
b,radiomics,LUNG1,-5.241993965541682,-2.5214988728137664
b,radiomics,LUNG1,7.98758776776144,-1.4646104083785112
b,radiomics,LUNG1,0.48346490687184174,-2.642030832374476
b,radiomics,LUNG1,-3.742263503178998,1.1104127083654884
b,radiomics,LUNG1,8.072839231162586,1.0501493375425415
b,radiomics,LUNG1,1.6045983613422123,1.5421428271836668
b,radiomics,LUNG1,0.08985844442298395,0.8954737868377423
b,radiomics,LUNG1,-0.33507698232425,2.0288160668258257
b,radiomics,LUNG1,-2.0297468606823843,0.7440972846772417
b,radiomics,LUNG1,-0.7106687541738574,2.3127929203242004
b,radiomics,LUNG1,-7.905114922213325,-3.237721580539557
b,radiomics,LUNG1,-4.347374368784571,0.47923977901317594
b,radiomics,LUNG1,2.885297625729636,2.5513766831215925
b,radiomics,LUNG1,1.5346146976367727,-0.06979667514569593
b,radiomics,LUNG1,2.5481288176163153,-4.787683821659799
b,radiomics,LUNG1,8.976252685837364,0.008234723974852755
b,radiomics,LUNG1,-0.496626397175625,-2.079215535776168
b,radiomics,LUNG1,-4.697760138405417,2.238856165679893
b,radiomics,LUNG1,-4.389478957768031,-2.396863720633376
b,radiomics,LUNG1,-5.473232192499822,-1.4884650617200876
b,radiomics,LUNG1,2.3864966015572135,-0.3534581647828331
b,radiomics,LUNG1,-2.9691735971764417,1.2056113601767275
b,radiomics,LUNG1,2.149831592612172,-0.18876740380242915
b,radiomics,LUNG1,5.59931445509707,0.8005424555211862
b,radiomics,LUNG1,-24.92391143840322,31.71095306760111
b,radiomics,LUNG1,-2.4490903265371147,1.9103647951174372
b,radiomics,LUNG1,0.3159246242170323,2.639835160926254
b,radiomics,LUNG1,-1.431441355308828,1.311521969765679
b,radiomics,LUNG1,-1.2694705682404175,1.394220094097987
b,radiomics,LUNG1,-3.3880992116276905,-2.028873551616359
b,radiomics,LUNG1,-8.99504440462509,-0.9125009666731362
b,radiomics,LUNG1,-3.86521247274746,2.3900813066898645
b,radiomics,LUNG1,-1.4127855045138769,-1.8294183902240375
b,radiomics,LUNG1,-6.8558539715077815,1.3839184888586826
b,radiomics,LUNG1,-6.419650836684105,-2.7737303796034687
b,radiomics,LUNG1,-6.40833523544931,4.254106487309026
b,radiomics,LUNG1,2.336033882801712,-2.1976591134078896
b,radiomics,LUNG1,10.589831346515195,3.382353277821509
b,radiomics,LUNG1,10.245649802768002,3.2514750185316985
b,radiomics,LUNG1,-8.66196245317801,-3.339925394847821
b,radiomics,LUNG1,-6.061300790686,-1.1043233611386891
b,radiomics,LUNG1,-3.154605059422224,4.455981846769423
b,radiomics,LUNG1,-8.044763186031147,-4.05359752356222
b,radiomics,LUNG1,7.352662215405338,28.745414611706124
b,radiomics,LUNG1,-15.186697936217348,-0.3608974499397355
b,radiomics,LUNG1,-8.205128200147621,0.5463585496884663
b,radiomics,LUNG1,2.773894537217905,0.7496093242292173
b,radiomics,LUNG1,1.4640653219095585,1.4347225993753485
b,radiomics,LUNG1,4.521962898319188,4.695760882803599
b,radiomics,LUNG1,11.678156767874935,4.6777895932789715
b,radiomics,LUNG1,-5.525815259817479,-1.2629879355256317
b,radiomics,LUNG1,8.249563153209648,3.54132074427399
b,radiomics,LUNG1,-11.567427298758759,-2.6285246599530008
b,radiomics,LUNG1,0.7122970976359045,-4.501880828976908
b,radiomics,LUNG1,3.421881755705386,0.10431416585740119
b,radiomics,LUNG1,-14.124334477778438,-2.005899312919208
b,radiomics,LUNG1,9.642269537072014,-1.4049792276730773
b,radiomics,LUNG1,3.3426038080473117,0.532111387298714
b,radiomics,LUNG1,18.178639818496926,2.527187834643626
b,radiomics,LUNG1,-4.035963443932259,2.455381827360891
b,radiomics,LUNG1,-4.112577513072394,-3.328843554413126
b,radiomics,LUNG1,-2.2542685296676708,1.6565146686319723
b,radiomics,LUNG1,8.894582575541389,1.0455283899332017
b,radiomics,LUNG1,-7.182262738723176,-3.8533915348565686
b,radiomics,LUNG1,-12.537390122134768,-6.500369136556586
b,radiomics,LUNG1,0.526485710443111,3.5705342544984515
b,radiomics,LUNG1,-7.492314080611295,-1.1594356417698544
b,radiomics,LUNG1,-9.277845547463173,2.010825988695228
b,radiomics,LUNG1,-1.6904823675540372,-2.0587556481716347
b,radiomics,LUNG1,5.4408223370209505,-3.87526632170986
b,radiomics,LUNG1,8.804382203436056,0.42734783276054683
b,radiomics,LUNG1,-3.8217882758982458,-5.8866659242594706
b,radiomics,LUNG1,0.15504154877647142,3.0225972681226856
b,radiomics,LUNG1,-6.476459243066032,-2.010752777934531
b,radiomics,LUNG1,-6.73502415357138,-3.80564573277778
b,radiomics,LUNG1,0.6627504013984955,1.537969558343212
b,radiomics,LUNG1,-4.3644075747178634,1.7846077243347223
b,radiomics,LUNG1,-0.34324248893664006,-0.7753695951399292
b,radiomics,LUNG1,10.396930301138323,-2.1685633397251487
b,radiomics,LUNG1,-5.732958372021947,-0.6312177799870198
b,radiomics,LUNG1,5.706975487500581,4.7721956214988275
b,radiomics,LUNG1,4.737609639319032,-1.7527346648606066
b,radiomics,LUNG1,-7.602212457226651,0.4701587894061473
b,radiomics,LUNG1,-4.952509873464083,-0.00024409358802154486
b,radiomics,LUNG1,4.494493574627128,3.062887836085313
b,radiomics,Radiogenomics,0.32086091985258136,7.677833213084568
b,radiomics,Radiogenomics,13.374746801630799,-2.6907287102584547
b,radiomics,Radiogenomics,4.565905766531746,-5.782365339770814
b,radiomics,Radiogenomics,1.9933569148149377,-4.3268001327863645
b,radiomics,Radiogenomics,-0.21426657157090867,-5.09188814997039
b,radiomics,Radiogenomics,0.4074387091955396,-3.188387008902671
b,radiomics,Radiogenomics,5.364952005891797,-0.8254988488798549
b,radiomics,Radiogenomics,-1.7695901309554687,0.050494999431121575
b,radiomics,Radiogenomics,-3.1488450598134827,-6.159228828470301
b,radiomics,Radiogenomics,1.6393085869645356,-5.657972454566817
b,radiomics,Radiogenomics,4.680187012442266,-4.684697739425
b,radiomics,Radiogenomics,4.606521028535193,-2.8036499368659
b,radiomics,Radiogenomics,-0.9342426261002635,-7.81123437964935
b,radiomics,Radiogenomics,3.4202755997217946,-3.605025473127609
b,radiomics,Radiogenomics,-1.0862160715853704,-4.468812347812856
b,radiomics,Radiogenomics,7.261300099594609,-9.715218992803884
b,radiomics,Radiogenomics,-6.272260329608946,10.229419046924486
b,radiomics,Radiogenomics,11.143975731246845,-8.676099983510483
b,radiomics,Radiogenomics,-3.2009559426676146,-5.907035616140588
b,radiomics,Radiogenomics,2.3389431838288917,-4.264217013782579
b,radiomics,Radiogenomics,3.6150598697541123,0.08158540411473103
b,radiomics,Radiogenomics,3.187005755117504,0.15011613518663391
b,radiomics,Radiogenomics,2.3779055064090198,2.4699566832836166
b,radiomics,Radiogenomics,4.890013465904718,-3.4121346994402817
b,radiomics,Radiogenomics,-4.9843861632389705,8.318689100091708
b,radiomics,Radiogenomics,-1.427802730648338,-2.5017542371998758
b,radiomics,Radiogenomics,8.67695182334042,-3.913824601767965
b,radiomics,Radiogenomics,3.233980765532641,-4.658052653351499
b,radiomics,Radiogenomics,-0.10691061212009811,-2.9108475624098413
b,radiomics,Radiogenomics,3.0188588489039274,-5.339800013871727
b,radiomics,Radiogenomics,-5.656824363681836,-12.877292860946786
b,radiomics,Radiogenomics,-9.283095570444308,5.094992201347388
b,radiomics,Radiogenomics,6.641037101218492,-2.407080576955357
b,radiomics,Radiogenomics,0.6147101394185626,-3.755808800219473
b,radiomics,Radiogenomics,5.507116178056537,-2.9558977832364945
b,radiomics,Radiogenomics,-2.5684361851824873,0.6264073007161409
b,radiomics,Radiogenomics,0.2505863570240244,-2.4544242268051586
b,radiomics,Radiogenomics,-5.054352522182519,9.179708719515391
b,radiomics,Radiogenomics,2.23393115961124,-5.48344955178352
b,radiomics,Radiogenomics,1.4797670319400098,-4.1404140589189105
b,radiomics,Radiogenomics,5.013765436960152,-6.668288078551242
b,radiomics,Radiogenomics,3.595555759401804,-3.859238134627449
b,radiomics,Radiogenomics,-7.642309904488351,5.616205477941249
b,radiomics,Radiogenomics,6.520104170958826,-0.17939156775942386
b,radiomics,Radiogenomics,1.0223488764936433,-3.3345123531340266
b,radiomics,Radiogenomics,-6.736766654264129,0.5599407853450802
b,radiomics,Radiogenomics,-8.916083474620102,2.178989033036836
b,radiomics,Radiogenomics,-3.265767187918699,6.908554680850472
b,radiomics,Radiogenomics,4.254737739664886,-5.9007106178938695
b,radiomics,Radiogenomics,2.5572522414461063,-4.132630344263017
b,radiomics,Radiogenomics,-8.65740958362633,3.4532802175778885
b,radiomics,Radiogenomics,-1.086474826947731,-4.463510807938285
b,radiomics,Radiogenomics,-0.9703620240778499,-4.135711008022158
b,radiomics,Radiogenomics,4.957351332062584,-2.4302682322555413
b,radiomics,Radiogenomics,-6.761639985556962,3.699734894521219
b,radiomics,Radiogenomics,-0.08917273733002459,-6.384891321924984
b,radiomics,Radiogenomics,3.0447088521939776,-4.088879902296747
b,radiomics,Radiogenomics,-12.463939675265387,2.7843120173204885
b,radiomics,Radiogenomics,-5.932932440485842,2.383702451650029
b,radiomics,Radiogenomics,-8.654223990242393,4.782877497577774
b,radiomics,Radiogenomics,0.5178615449525911,-3.8441269328238032
b,radiomics,Radiogenomics,4.040114620436622,-3.3236098562612444
b,radiomics,Radiogenomics,-10.973306402597286,5.05358364244657
b,radiomics,Radiogenomics,-2.134109771793272,1.5992124776880834
b,radiomics,Radiogenomics,-0.06608290367659868,1.345951230757523
b,radiomics,Radiogenomics,-4.9105389726945745,8.819789076911851
b,radiomics,Radiogenomics,-11.102206626909382,4.165565794577767
b,radiomics,Radiogenomics,8.740380172671701,5.872578249096353
b,radiomics,Radiogenomics,-6.469256865697602,5.551962279628874
b,radiomics,Radiogenomics,1.5331903292273088,-4.429830981892949
b,radiomics,Radiogenomics,-1.9846078202799278,-0.514790675864566
b,radiomics,Radiogenomics,-3.5043818380711977,6.459133246402787
b,radiomics,Radiogenomics,-11.14216498994646,2.515864586481395
b,radiomics,Radiogenomics,-9.36271611085409,3.078704375823859
b,radiomics,Radiogenomics,-11.557698833391719,2.0345867051970483
b,radiomics,Radiogenomics,8.119793968558914,2.1878796964913723
b,radiomics,Radiogenomics,6.486274812273645,-0.4457992277741328
b,radiomics,Radiogenomics,-8.468598948867076,2.7587284520286874
b,radiomics,Radiogenomics,-1.4656918733491526,-3.5928597499182136
b,radiomics,Radiogenomics,4.272162309523391,-4.179564081216829
b,radiomics,Radiogenomics,0.6909556949938843,-5.039328188665158
b,radiomics,Radiogenomics,8.957564376891751,1.6553909700825609
b,radiomics,Radiogenomics,3.198928618426,-2.014549447084004
b,radiomics,Radiogenomics,0.7288803776530796,-4.476952309612555
b,radiomics,Radiogenomics,7.192858088531685,4.054709433962346
b,radiomics,Radiogenomics,11.583561878541952,2.233182283867654
b,radiomics,Radiogenomics,1.7420283673767505,-2.9965424053434053
b,radiomics,Radiogenomics,0.01719586006761007,-4.492157969195279
b,radiomics,Radiogenomics,2.6187592841522296,-0.18875446850437252
b,radiomics,Radiogenomics,3.0998791284959677,-2.5576504404713165
b,radiomics,Radiogenomics,13.60651331192398,3.877097271058805
b,radiomics,Radiogenomics,-0.2727759970989878,-1.4676332033604247
b,radiomics,Radiogenomics,1.7246317704502745,-1.8821062064879408
b,radiomics,Radiogenomics,1.6077300782415254,-5.260839868968919
b,radiomics,Radiogenomics,5.399520229579598,0.14179208690990633
b,radiomics,Radiogenomics,-1.1381462389817625,-5.045368280393014
b,radiomics,Radiogenomics,1.115206560281392,-3.96415952558731
b,radiomics,Radiogenomics,4.8290760830704,-6.3476996701807415
b,radiomics,Radiogenomics,-10.833059526616374,7.081669565020084
b,radiomics,Radiogenomics,-2.004580962777726,2.9762746924466605
b,radiomics,Radiogenomics,0.060426961156847696,-1.368123581646925
b,radiomics,Radiogenomics,1.8757217484663538,0.7497010599914361
b,radiomics,Radiogenomics,4.660113245613044,0.07966396871120401
b,radiomics,Radiogenomics,2.199410028530694,-4.630414891453819
b,radiomics,Radiogenomics,0.40617360070024766,3.1366490693136644
b,radiomics,Radiogenomics,5.44597378720683,0.426926250418615
b,radiomics,Radiogenomics,-0.6380742537427948,-2.817610181814449
b,radiomics,Radiogenomics,-1.8350239007690883,-6.265776622230815
b,radiomics,Radiogenomics,0.7497187874041298,-4.240555926829779
b,radiomics,Radiogenomics,5.857682926093122,1.3302731861580424
b,radiomics,Radiogenomics,0.49920700948534774,-4.801328903793872
b,radiomics,Radiogenomics,-1.5883478768961077,-6.357907226465188
b,radiomics,Radiogenomics,7.803406050703941,0.8536731090653439
b,radiomics,Radiogenomics,9.102781643235915,2.2901613947311037
b,radiomics,Radiogenomics,1.330714248597257,-1.99995718885973
b,radiomics,Radiogenomics,1.7487003251334385,0.8290508270399884
b,radiomics,Radiogenomics,-1.7082962037248939,-8.254290183951538
b,radiomics,Radiogenomics,6.548199445452829,-0.9428082243546931
b,radiomics,Radiogenomics,8.575832514253507,2.297562495801155
b,radiomics,Radiogenomics,5.79043342259007,-1.8593586301032567
b,radiomics,Radiogenomics,-4.693043785186481,-5.040364271833422
b,radiomics,Radiogenomics,1.438634499319072,-2.9473367827000123
b,radiomics,Radiogenomics,7.177322947733272,3.085094407460887
b,radiomics,Radiogenomics,-9.435897198348417,6.751826605234615
b,radiomics,Radiogenomics,-3.0434608317637553,-5.844176466142357
b,radiomics,Radiogenomics,10.057695978524162,3.841320642029535
b,radiomics,Radiogenomics,-0.3868805209755481,2.553675460317255
b,radiomics,Radiogenomics,5.544766699632669,3.1819985269304087
b,radiomics,Radiogenomics,5.772847568969084,1.2092371722649973
b,radiomics,Radiogenomics,-3.4122005840449976,2.411315574423304
b,radiomics,Radiogenomics,2.2993650597265747,-2.9816834979792706
b,radiomics,Radiogenomics,-2.3151882121895415,-5.533943269161352
b,radiomics,Radiogenomics,1.8143102700117695,-4.577066500991823
b,radiomics,Radiogenomics,-1.7772337390539346,0.7486727843732961
b,radiomics,Radiogenomics,10.58197940495638,2.9782907354592227
b,radiomics,Radiogenomics,2.9581635202458787,-3.106327765525713
b,radiomics,Radiogenomics,0.007269971420580335,-4.660139068103414
b,radiomics,Radiogenomics,3.635367800370357,-1.2765716378344738
b,radiomics,Radiogenomics,-4.231644929043405,9.08500967962649
b,radiomics,Radiogenomics,3.610885343139627,1.7711803104203163
b,radiomics,Radiogenomics,0.04545743871177452,-5.824099287540896
b,radiomics,Radiogenomics,-1.9559967603019464,-5.273664992658453
b,radiomics,Radiogenomics,4.352853869628019,1.7433276128223902
b,radiomics,Radiogenomics,-1.4259726614663013,-5.013687506596621
b,radiomics,Radiogenomics,-1.4121362450126003,-5.210562925772302
b,radiomics,Radiogenomics,0.50741416486973,-5.564760351501082
b,radiomics,Radiogenomics,2.203307219647401,-3.8466025458110216
b,radiomics,Radiogenomics,-0.27985585588157735,0.45595188547502313
b,radiomics,Radiogenomics,-6.797272940214367,0.6777568565178723
b,radiomics,Radiogenomics,-2.83292306914686,6.652289412481863
b,radiomics,Radiogenomics,-7.415876261168856,2.046528945763699
b,radiomics,Radiogenomics,-6.765208332211484,5.292180670184482
b,radiomics,Radiogenomics,-3.4585635215081205,5.17038343534465
b,radiomics,Radiogenomics,-1.2412368690362983,1.6787397107642215
b,radiomics,Radiogenomics,4.369982565541036,-8.564782634635968
b,radiomics,Radiogenomics,-6.516670479838115,8.439480927006064
b,radiomics,Radiogenomics,-10.672300306421098,2.112947968979286
b,radiomics,Radiogenomics,-8.02659814940414,0.7294010947431643
b,radiomics,Radiogenomics,-5.54176117035118,2.160667115917855
b,radiomics,Radiogenomics,0.41612937238794445,-4.41713129699053
b,radiomics,Radiogenomics,-0.5174306689527952,-4.505516437148659
b,radiomics,Radiogenomics,-0.6785114518130938,-4.580588080202408
b,radiomics,Radiogenomics,1.2275913233288438,-2.3237959229616
b,radiomics,Radiogenomics,-0.28380544738897034,-4.006965450710977
b,radiomics,Radiogenomics,1.1048654458996277,3.5888200357726916
b,radiomics,Radiogenomics,-1.980016810934437,2.702265409845886
b,radiomics,Radiogenomics,-4.275759137556231,3.988658314621951
b,radiomics,Radiogenomics,-0.16728897820355046,-6.169200378376671
b,radiomics,Radiogenomics,-7.5576360030103675,4.068104878120032
b,radiomics,Radiogenomics,-0.9263241713088758,4.948384902275994
b,radiomics,Radiogenomics,-0.8499936760184331,4.744064658654543
b,radiomics,Radiogenomics,-2.077409782841359,-3.086523759031221
b,radiomics,Radiogenomics,-1.6739197024651213,-3.5306024735174644
b,radiomics,Radiogenomics,-8.078312489785658,6.3807793587090655
b,radiomics,Radiogenomics,-1.0423238845253646,-0.12995950316844934
b,radiomics,Radiogenomics,2.715848194504744,-4.459338306686706
b,radiomics,Radiogenomics,-8.6076180461071,6.975618254104219
b,radiomics,Radiogenomics,6.205497003413776,1.1469219010060903
b,radiomics,Radiogenomics,0.8413446762303785,-3.611614832164964
b,radiomics,Radiogenomics,-10.327172711121436,7.136709445791327
b,radiomics,Radiogenomics,-11.571128843530849,2.440619977744245
b,radiomics,Radiogenomics,-5.699108850775478,4.659371389385143
b,radiomics,Radiogenomics,-8.087561819979143,0.8092550474726977
b,radiomics,Radiogenomics,-8.530112743235016,5.884160477508017
b,radiomics,Radiogenomics,1.368070459604285,-2.6887841813549422
b,radiomics,Radiogenomics,6.041008189894232,3.2624586569836027
b,radiomics,Radiogenomics,6.688333746353882,-5.693808345106983
b,radiomics,Radiogenomics,-8.390382690613308,5.650341873576349
b,radiomics,Radiogenomics,-5.2249005743896095,8.753620831534432
b,radiomics,Radiogenomics,-6.3795987648164285,1.7288042284736802
b,radiomics,Radiogenomics,11.496100201389652,-4.189136251630472
b,radiomics,Radiogenomics,-1.1930965540808198,7.282845193334721
b,radiomics,Radiogenomics,-9.742864357165736,4.892234070860524
b,radiomics,Radiogenomics,-8.76361205961574,6.280874786280069
b,radiomics,Radiogenomics,-1.1396447539354413,6.759009270290312
b,radiomics,Radiogenomics,-2.473604789805454,8.790259711236358
b,radiomics,Radiogenomics,-2.206305125860117,10.119036074199597
b,radiomics,Radiogenomics,-7.640871421826219,7.632347047737076
b,radiomics,Radiogenomics,6.906594653122917,1.25040166982721
b,radiomics,Radiogenomics,-5.9704530716933615,6.725977478489752
b,radiomics,Radiogenomics,-7.280118863473228,5.564793372778973
b,radiomics,Radiogenomics,13.914997903876412,-0.18998657335459979
b,radiomics,Radiogenomics,7.323412893461643,9.19708266875777
b,radiomics,Radiogenomics,0.14361212243431518,0.7528204007409287
b,radiomics,Radiogenomics,-6.341367184111115,7.443108132212085
b,radiomics,Radiogenomics,-3.1688878594482417,8.87684234113834
b,radiomics,Radiogenomics,9.823762804583694,1.4840053620872597
b,radiomics,Radiogenomics,11.330635658117645,3.6892717465781284
b,radiomics,Radiogenomics,8.746181609388373,4.724300433075718
b,radiomics,Radiogenomics,-8.332625567724255,7.646946595206258
b,radiomics,Radiogenomics,-2.9822564721994094,4.0528263427125095
c,embeddings,LUNG1,1.6357070344514553,-2.435633886096561
c,embeddings,LUNG1,14.18931065111097,-6.962738230053935
c,embeddings,LUNG1,15.846217462069518,10.469691338234208
c,embeddings,LUNG1,8.431515544769626,0.9679226797064276
c,embeddings,LUNG1,5.72289311688219,-4.998180227761973
c,embeddings,LUNG1,1.4475019751788816,0.8575444531780421
c,embeddings,LUNG1,3.629848952307351,-3.119533958797644
c,embeddings,LUNG1,0.809776068734277,-9.932212191937646
c,embeddings,LUNG1,-2.3385808958381737,0.34685225567701283
c,embeddings,LUNG1,1.5968423744244107,-8.791008287498236
c,embeddings,LUNG1,5.962381326037241,-5.737476994032288
c,embeddings,LUNG1,-2.2501335953528,3.4562260399461757
c,embeddings,LUNG1,-1.3317191437938773,-4.389152388483561
c,embeddings,LUNG1,16.536916316653027,-5.262856367944232
c,embeddings,LUNG1,13.030889264142033,-2.610314648598077
c,embeddings,LUNG1,-6.783372336181873,0.4962519106608661
c,embeddings,LUNG1,16.9867855743913,-2.999251404881978
c,embeddings,LUNG1,-5.9455443895205375,-5.784370836751589
c,embeddings,LUNG1,6.662587786659559,0.11044208363597148
c,embeddings,LUNG1,0.39029091158635404,-2.83840012066254
c,embeddings,LUNG1,9.910540656968116,-4.664980671133276
c,embeddings,LUNG1,4.629241473090167,2.45287682622036
c,embeddings,LUNG1,2.6543155674790073,-3.1231477727581187
c,embeddings,LUNG1,-0.14276779992420513,-7.742763681778143
c,embeddings,LUNG1,16.83600638099513,0.4483676142805459
c,embeddings,LUNG1,4.357917868936916,-3.6027251574082495
c,embeddings,LUNG1,7.175644453902955,-4.179578528422856
c,embeddings,LUNG1,12.792542858734922,-1.5211980637677753
c,embeddings,LUNG1,17.243937622934826,0.8467558772878476
c,embeddings,LUNG1,2.2302736737916047,-4.300834278054527
c,embeddings,LUNG1,14.255281567669531,-2.8035896594036087
c,embeddings,LUNG1,14.826451284733796,-0.04988186619748956
c,embeddings,LUNG1,2.451980240562511,0.852761616349717
c,embeddings,LUNG1,15.849850145312748,-2.1368017725414403
c,embeddings,LUNG1,6.912774471174406,1.0540900671696338
c,embeddings,LUNG1,19.022384177162014,3.3948429332605614
c,embeddings,LUNG1,15.359760428584075,6.913632280629579
c,embeddings,LUNG1,19.658791599278818,-2.528996389677999
c,embeddings,LUNG1,3.6262061852134533,-9.360980462369806
c,embeddings,LUNG1,6.765968624786285,-10.984416936959573
c,embeddings,LUNG1,15.666491452512055,1.6462002367312283
c,embeddings,LUNG1,4.7024249022956495,-2.1084926342190617
c,embeddings,LUNG1,14.456850010063475,-2.19918374708056
c,embeddings,LUNG1,21.4398981440849,-3.0771471557098087
c,embeddings,LUNG1,16.181019306859895,-0.6435158029072756
c,embeddings,LUNG1,9.72219632622015,-0.5780272574061814
c,embeddings,LUNG1,4.056419795059931,-1.8641551719843512
c,embeddings,LUNG1,21.362644917247106,4.761989724711126
c,embeddings,LUNG1,14.410895294331489,-5.4668572723465365
c,embeddings,LUNG1,6.4237588056925725,8.746920312280292
c,embeddings,LUNG1,12.879080224979807,-5.324965371074203
c,embeddings,LUNG1,14.093242518132877,-4.214791480200032
c,embeddings,LUNG1,-2.4215638918121756,5.390102491751388
c,embeddings,LUNG1,3.6963232950880056,-3.4031410683559815
c,embeddings,LUNG1,4.757692830966725,-6.836669422363537
c,embeddings,LUNG1,23.984244546433327,7.9967251280716685
c,embeddings,LUNG1,-0.30994547451901633,-2.860879757812278
c,embeddings,LUNG1,6.432448212646366,1.1146969069162689
c,embeddings,LUNG1,15.239661327104058,0.9903341271116972
c,embeddings,LUNG1,-1.6247352944926523,0.845562943314022
c,embeddings,LUNG1,3.32562935642494,-8.519867415782704
c,embeddings,LUNG1,8.468454805196192,-3.084899781626208
c,embeddings,LUNG1,10.13150666127191,3.2666027462825653
c,embeddings,LUNG1,2.6047723344954146,-5.213213472115091
c,embeddings,LUNG1,16.756734331231335,-0.7572682583126172
c,embeddings,LUNG1,8.35651370700852,-2.946667691329104
c,embeddings,LUNG1,5.385608860810987,-2.2215930702595164
c,embeddings,LUNG1,11.249998181469119,-3.4086018377964855
c,embeddings,LUNG1,23.719432264375623,6.655598471808689
c,embeddings,LUNG1,-0.037929172558025616,2.6147142749972936
c,embeddings,LUNG1,8.10410945313549,-6.493055226334179
c,embeddings,LUNG1,8.061846196937925,-6.263974392484918
c,embeddings,LUNG1,10.2855669494832,-7.883776578734495
c,embeddings,LUNG1,3.7890398020746496,1.4521242271138122
c,embeddings,LUNG1,18.070986388227155,0.6236020654665628
c,embeddings,LUNG1,13.329601798925712,-5.249506936113878
c,embeddings,LUNG1,22.979063221251153,0.4965946215901906
c,embeddings,LUNG1,3.742077908795862,-4.421783503244406
c,embeddings,LUNG1,2.270223514234836,-3.4012695184948036
c,embeddings,LUNG1,7.134400976868967,-7.375886946872181
c,embeddings,LUNG1,-0.029949795194106267,-4.130854333339853
c,embeddings,LUNG1,5.260946658253341,0.9057193153610292
c,embeddings,LUNG1,-0.9045572051285856,-4.500875420709511
c,embeddings,LUNG1,9.486473801702774,-4.168834412798134
c,embeddings,LUNG1,18.6318189170073,-0.8945385423078963
c,embeddings,LUNG1,-1.099680731716281,1.3215406923991755
c,embeddings,LUNG1,7.706082768782032,-1.8350774560081065
c,embeddings,LUNG1,10.594830179318249,-0.1690883217664981
c,embeddings,LUNG1,22.71521082436492,4.1833289741893385
c,embeddings,LUNG1,20.25851986433287,6.929545818704306
c,embeddings,LUNG1,16.492224719235285,0.9846664718676611
c,embeddings,LUNG1,14.068631571808565,-1.7277607884398911
c,embeddings,LUNG1,10.917527446539921,-5.287081884579973
c,embeddings,LUNG1,22.71480025912949,8.629314727841077
c,embeddings,LUNG1,11.869374910170983,-3.6276182614614525
c,embeddings,LUNG1,6.254458800269468,-1.9000729245585255
c,embeddings,LUNG1,1.2720675475983145,-0.6871219613496347
c,embeddings,LUNG1,2.388504412361178,-8.792967824679234
c,embeddings,LUNG1,3.6025560062715303,-7.568166042125793
c,embeddings,LUNG1,19.15882634103535,-2.194512520838434
c,embeddings,LUNG1,17.446412515902036,-7.360175967328602
c,embeddings,LUNG1,20.53682657441289,3.0570123600025236
c,embeddings,LUNG1,6.775051375655465,-6.209886972717474
c,embeddings,LUNG1,4.103611477542033,-3.2067440188896326
c,embeddings,LUNG1,20.26716807970595,2.445192829873405
c,embeddings,LUNG1,12.318138392016008,-7.874148720718506
c,embeddings,LUNG1,6.538301352798657,2.8444666825537896
c,embeddings,LUNG1,14.092053368090115,-8.25717306096834
c,embeddings,LUNG1,15.806415504712321,-6.370335980668694
c,embeddings,LUNG1,17.04564167803672,-3.2817571712648146
c,embeddings,LUNG1,7.684556823986431,-4.2808975881830955
c,embeddings,LUNG1,-1.1167756101517052,-4.638145348268194
c,embeddings,LUNG1,10.408589645171041,-3.1756942378831954
c,embeddings,LUNG1,20.285256572722428,3.941407499115731
c,embeddings,LUNG1,20.599914724379868,2.5470232680089318
c,embeddings,LUNG1,8.606252573284179,-9.70105312310183
c,embeddings,LUNG1,15.736156956171813,-1.199108245628889
c,embeddings,LUNG1,4.8483896367338515,-5.03351580876963
c,embeddings,LUNG1,18.28983516293061,-7.305076150463012
c,embeddings,LUNG1,3.012245724635282,-5.704182624362547
c,embeddings,LUNG1,18.318133271075833,2.3711945405921493
c,embeddings,LUNG1,7.181894209571932,-11.39113359069436
c,embeddings,LUNG1,13.855206207151507,0.7180753056450383
c,embeddings,LUNG1,21.04261255349084,10.05990997781352
c,embeddings,LUNG1,4.019909393275309,-11.154040521228739
c,embeddings,LUNG1,19.25043957215418,-3.8983921853798407
c,embeddings,LUNG1,22.388102439191957,3.6272338185336266
c,embeddings,LUNG1,13.841636090548235,2.6508620565172762
c,embeddings,LUNG1,8.966009275949764,-0.3873513000133348
c,embeddings,LUNG1,8.649658417547021,-6.615958488277373
c,embeddings,LUNG1,4.797241822439912,-2.996266825782362
c,embeddings,LUNG1,19.634039028925187,-0.46954427655691316
c,embeddings,LUNG1,10.357292505077822,-10.256317624666169
c,embeddings,LUNG1,12.818479807914619,-5.290471263513369
c,embeddings,LUNG1,14.832725270940697,-4.77879140474521
c,embeddings,LUNG1,1.3917443000827925,-2.3465806072833186
c,embeddings,LUNG1,11.362475563586502,-7.705406530792025
c,embeddings,LUNG1,15.043338223676008,7.212248490654952
c,embeddings,LUNG1,4.383715382326567,-6.425309936421298
c,embeddings,LUNG1,21.72608665853902,5.7476426083213425
c,embeddings,LUNG1,21.2597535637903,7.032305793599538
c,embeddings,LUNG1,3.650952382556242,-8.412879449458437
c,embeddings,LUNG1,15.682189335822251,-0.6584411838898986
c,embeddings,LUNG1,5.586334114774774,-7.015992636396496
c,embeddings,LUNG1,17.766625548198753,-1.9427803599837832
c,embeddings,LUNG1,12.69447994384326,1.3540939373403573
c,embeddings,LUNG1,16.865302065336714,-2.8544899022649295
c,embeddings,LUNG1,17.588707755498394,0.8934927490364434
c,embeddings,LUNG1,-7.647195601596102,4.130859553711467
c,embeddings,LUNG1,16.744484056852972,-5.105989546267864
c,embeddings,LUNG1,19.52034029009684,1.4747209468739735
c,embeddings,LUNG1,19.882119440569145,-4.405759012247005
c,embeddings,LUNG1,19.193024289236547,11.91383119711946
c,embeddings,LUNG1,28.680639642396297,6.709006568573892
c,embeddings,LUNG1,19.841414873991376,10.169053718798748
c,embeddings,LUNG1,6.508626525979612,-5.818862404953288
c,embeddings,LUNG1,10.516129457344052,-13.983544122749395
c,embeddings,LUNG1,5.878147467179749,1.5655695537479468
c,embeddings,LUNG1,8.05196791975622,4.236882443108804
c,embeddings,LUNG1,20.196435792828343,7.104415033116578
c,embeddings,LUNG1,-12.057540140983528,-6.669446985836199
c,embeddings,LUNG1,15.975572934175608,-1.7192125831384781
c,embeddings,LUNG1,19.793383979638527,-2.8392844002711866
c,embeddings,LUNG1,21.77331608318671,-1.5521256727518669
c,embeddings,LUNG1,22.79368383175269,5.605372352739235
c,embeddings,LUNG1,20.570814982051385,-8.996319535299149
c,embeddings,LUNG1,20.04409841098815,-3.1650491472833466
c,embeddings,LUNG1,20.137412221405228,2.512402312855909
c,embeddings,LUNG1,6.1213384235115775,-7.058459316249677
c,embeddings,LUNG1,-3.4227669211739804,-6.2595760972988685
c,embeddings,LUNG1,2.634205425035636,-0.3756954303715958
c,embeddings,LUNG1,12.094644240909515,8.68595143583094
c,embeddings,LUNG1,21.277126685490057,2.417348813677045
c,embeddings,LUNG1,0.7134777531586532,-1.7430230045876505
c,embeddings,LUNG1,12.713669459080997,-4.690971920776771
c,embeddings,LUNG1,13.911622445083518,-7.31249330087365
c,embeddings,LUNG1,20.991808440969443,1.9109888086209952
c,embeddings,LUNG1,14.347338076245766,-0.027096229024717637
c,embeddings,LUNG1,10.16649729704168,-4.3262179754538055
c,embeddings,LUNG1,1.9555930107052084,-12.173707332846888
c,embeddings,LUNG1,11.284209541293366,-6.102232471491063
c,embeddings,LUNG1,8.311929581085636,4.5644717272952136
c,embeddings,LUNG1,16.458369200859323,0.17484453629740843
c,embeddings,LUNG1,13.7751756847226,-2.874910638897739
c,embeddings,LUNG1,6.179865718786287,4.644597009904888
c,embeddings,LUNG1,5.767194445616182,0.6292606828615267
c,embeddings,LUNG1,16.2123525197194,-4.8716934057326435
c,embeddings,LUNG1,4.019343754937829,-4.9148312386831154
c,embeddings,LUNG1,10.377454310590137,-12.891877744128537
c,embeddings,LUNG1,6.819524827474301,-3.9991201252373556
c,embeddings,LUNG1,4.382161375036498,-8.079058343729649
c,embeddings,LUNG1,1.107791472527665,-1.4765232272325364
c,embeddings,LUNG1,17.396041526221442,1.0515817329413335
c,embeddings,LUNG1,3.8369169047137017,1.1742649919635837
c,embeddings,LUNG1,20.211557639224193,-5.591595046665797
c,embeddings,LUNG1,4.087596507008089,-1.0268325667603417
c,embeddings,LUNG1,19.484589080150528,17.420837977567654
c,embeddings,LUNG1,0.1601190375340433,-6.905155680701495
c,embeddings,LUNG1,18.966571984446333,2.0451970483250324
c,embeddings,LUNG1,17.380840673650262,5.110695121201591
c,embeddings,LUNG1,7.772220681042375,-1.5232489507021862
c,embeddings,LUNG1,11.080738210483275,-4.367072766430424
c,embeddings,LUNG1,18.96928629628905,0.2722095592252636
c,embeddings,LUNG1,14.990236981978025,-1.1338333027548873
c,embeddings,LUNG1,11.904348207503576,-8.791784916915628
c,embeddings,LUNG1,-7.763311860731104,-7.647181540432721
c,embeddings,LUNG1,1.980581725611169,-10.930152901204549
c,embeddings,LUNG1,13.781599707134495,-2.349443794465827
c,embeddings,LUNG1,0.8426708595633423,-6.695718189416739
c,embeddings,LUNG1,5.186230404029303,-6.886743117899993
c,embeddings,LUNG1,6.512522580048169,-11.15418581235694
c,embeddings,LUNG1,17.904051121013765,4.414142321903777
c,embeddings,LUNG1,12.62247342224389,-8.29623719074099
c,embeddings,LUNG1,12.95400061263809,-6.924201482024188
c,embeddings,LUNG1,4.045197317870834,-3.584001448708937
c,embeddings,LUNG1,1.8948969447289317,5.6678574568354465
c,embeddings,LUNG1,18.974424046260044,6.487259843807304
c,embeddings,LUNG1,15.078395012051331,-2.755786381964913
c,embeddings,LUNG1,25.149972785069952,-0.974997424231009
c,embeddings,LUNG1,7.834828808321475,-5.113842602752287
c,embeddings,LUNG1,10.12693535142982,-7.139484029807794
c,embeddings,LUNG1,16.96933458742137,-6.116522353344504
c,embeddings,LUNG1,19.83845073079965,4.576522126735668
c,embeddings,LUNG1,10.241570170226582,-2.2397872724316183
c,embeddings,LUNG1,6.646398296096384,-2.8848014330247898
c,embeddings,LUNG1,8.439033806918074,-5.045154877384303
c,embeddings,LUNG1,16.432113185714716,3.266935086233363
c,embeddings,LUNG1,18.297226346900768,-0.8618262542912576
c,embeddings,LUNG1,3.994471026392974,-5.1393038710353345
c,embeddings,LUNG1,14.242627207284881,-2.7822410375010773
c,embeddings,LUNG1,15.310963497589546,-3.090545901854769
c,embeddings,LUNG1,4.134331583429478,-3.2142315396337158
c,embeddings,LUNG1,5.180147838602691,-0.5832306942803668
c,embeddings,LUNG1,8.729970079206982,-6.1714332109963586
c,embeddings,LUNG1,12.372243780529155,-2.960496193749253
c,embeddings,LUNG1,10.798368060697166,-8.537474724454324
c,embeddings,LUNG1,10.574471239944174,-5.6273664751975625
c,embeddings,LUNG1,4.374868679654477,-4.801536925370608
c,embeddings,LUNG1,9.424509240685158,-6.69261265639329
c,embeddings,LUNG1,-1.5762390183912862,-7.648250245739347
c,embeddings,LUNG1,20.119468185667532,1.422560864030476
c,embeddings,LUNG1,13.821193420209768,-3.2422548231368036
c,embeddings,LUNG1,6.937755218466732,-6.332100081990189
c,embeddings,LUNG1,3.02122185202324,-7.906369656633153
c,embeddings,LUNG1,13.545555991007713,-1.3075751058829732
c,embeddings,LUNG1,10.326781070282241,-4.565046981294496
c,embeddings,LUNG1,17.762128839590705,-3.9396018848533902
c,embeddings,LUNG1,24.093268856358552,6.424005050724553
c,embeddings,LUNG1,-7.9642593432787825,-2.5871019160921556
c,embeddings,LUNG1,15.222205995213269,-4.54614838597591
c,embeddings,LUNG1,23.644135097705874,-0.5245914945475637
c,embeddings,LUNG1,5.7299234243621235,-0.5887449930671074
c,embeddings,LUNG1,2.6207467244121205,4.500735785466238
c,embeddings,LUNG1,17.165411651634653,-5.936687959096397
c,embeddings,LUNG1,9.870712269815032,-6.154198404601382
c,embeddings,LUNG1,17.743168389332325,-4.307915348751098
c,embeddings,LUNG1,11.258792395330703,-3.8482689109330472
c,embeddings,LUNG1,6.396572419621744,-3.187678143554757
c,embeddings,LUNG1,17.067042365933155,0.7891797306808178
c,embeddings,LUNG1,0.5531344646105059,-1.1572317807272212
c,embeddings,LUNG1,25.21308298434923,8.713176835309179
c,embeddings,LUNG1,12.946651136794243,-2.7568998308365606
c,embeddings,LUNG1,4.963243170059326,-8.591865141038998
c,embeddings,LUNG1,19.961544616774212,0.4886693789434255
c,embeddings,LUNG1,6.191037975767845,-1.9777174646753901
c,embeddings,LUNG1,9.566307367745999,-9.973191417100276
c,embeddings,LUNG1,-0.4904283474497029,-9.157281489951284
c,embeddings,LUNG1,4.055198720583766,1.422177180860178
c,embeddings,LUNG1,16.409911365698612,-0.6616435279863766
c,embeddings,LUNG1,11.479695256306055,-5.538750176969965
c,embeddings,LUNG1,4.59493467937169,-6.097434200015385
c,embeddings,LUNG1,-4.096171748368396,-5.294704013965332
c,embeddings,LUNG1,18.715980204189297,2.725939939279823
c,embeddings,LUNG1,16.587265922528957,-4.385624512389393
c,embeddings,LUNG1,7.807976129606429,-0.02531463320826989
c,embeddings,LUNG1,-2.2762005012888396,-3.9182530526729753
c,embeddings,LUNG1,16.836073402471815,-5.689032774787942
c,embeddings,LUNG1,13.488561598036075,-4.227702908636752
c,embeddings,LUNG1,4.987999999084789,-8.155920963571978
c,embeddings,LUNG1,5.088125706653763,-2.1097050066314065
c,embeddings,LUNG1,-2.0294240751922312,-2.9961182542282874
c,embeddings,LUNG1,4.9239568363829225,-8.540948574159769
c,embeddings,LUNG1,20.802169402639176,2.8872622854506265
c,embeddings,LUNG1,6.6670961181318305,-5.6343959300556525
c,embeddings,LUNG1,9.470081820259972,1.5906658086106145
c,embeddings,LUNG1,13.48809075642857,-6.682134054126363
c,embeddings,LUNG1,15.088785380139859,0.02889577761702462
c,embeddings,LUNG1,10.840377357396575,-3.356258063471245
c,embeddings,LUNG1,12.518633808549112,-6.2090948139598465
c,embeddings,LUNG1,21.675376608962985,0.47551074818022204
c,embeddings,LUNG1,14.101227655263889,-6.7305536580657535
c,embeddings,LUNG1,0.9166479416632153,-6.52140448776912
c,embeddings,LUNG1,5.985968280446216,-3.2436615016350214
c,embeddings,LUNG1,9.436111038516135,-8.116095902338992
c,embeddings,LUNG1,2.018211969531074,-7.345000633412718
c,embeddings,LUNG1,13.177606918347987,-1.0350709297043623
c,embeddings,LUNG1,9.506341202788484,-1.3607936396457756
c,embeddings,LUNG1,11.140781417255065,-9.47366180775191
c,embeddings,LUNG1,15.647656977562676,0.8130486733966137
c,embeddings,LUNG1,-1.9573305199114819,-5.808843489591701
c,embeddings,LUNG1,13.35643582129035,-2.8868048913788567
c,embeddings,LUNG1,6.833918036142993,-0.2145612426592628
c,embeddings,LUNG1,8.346702910651212,2.3842631335444273
c,embeddings,LUNG1,13.517193466507456,-4.736475420228919
c,embeddings,LUNG1,28.338419704405812,12.668453802106091
c,embeddings,LUNG1,25.825725435513107,6.6543215610211055
c,embeddings,LUNG1,15.83089494203383,1.9690851833660084
c,embeddings,LUNG1,16.013812345037362,-3.1115627751065174
c,embeddings,LUNG1,1.702474709046178,-7.708197261175819
c,embeddings,LUNG1,8.097239053734492,5.324126487029979
c,embeddings,LUNG1,18.759596131846216,-0.418653855532111
c,embeddings,LUNG1,13.71703729974895,-0.2526301139197421
c,embeddings,LUNG1,8.40618626069259,-8.10514525367622
c,embeddings,LUNG1,2.4998847498908185,0.3892910894544686
c,embeddings,LUNG1,16.63368538196481,-2.3382043878747116
c,embeddings,LUNG1,24.111716646644286,1.8493155653284041
c,embeddings,LUNG1,1.4376043911119933,-3.199618421808391
c,embeddings,LUNG1,5.607396433235486,-3.406939168341371
c,embeddings,LUNG1,22.545283766309836,0.2010196992723768
c,embeddings,LUNG1,4.168674344108967,-5.256868872030766
c,embeddings,LUNG1,21.48570704268981,4.831537208733547
c,embeddings,LUNG1,11.937089785398324,0.14850320951598234
c,embeddings,LUNG1,-1.5237961924457888,-4.214236039401043
c,embeddings,LUNG1,5.335864574232526,-8.453805956884324
c,embeddings,LUNG1,1.4073949679014024,-0.33787293250974404
c,embeddings,LUNG1,0.0048509313288336905,-1.391689427260874
c,embeddings,LUNG1,16.54167260893978,3.1578477020639113
c,embeddings,LUNG1,-1.8843904211744167,-6.198166848957167
c,embeddings,LUNG1,22.138319675201174,1.8213283020610516
c,embeddings,LUNG1,15.448604354780812,-3.2343273222476716
c,embeddings,LUNG1,8.122382795917927,-4.787597444474558
c,embeddings,LUNG1,11.0381483807761,-9.14441219890323
c,embeddings,LUNG1,-5.4050182782054,-2.988186377990488
c,embeddings,LUNG1,0.9467404664641766,-8.839964608488739
c,embeddings,LUNG1,6.330637987607729,-5.841318862518858
c,embeddings,LUNG1,13.692738426550735,-4.34543770582159
c,embeddings,LUNG1,10.05668437638477,-2.818274386641731
c,embeddings,LUNG1,10.444168532246902,-4.7541353209531305
c,embeddings,LUNG1,4.086574290332467,-8.78511690898516
c,embeddings,LUNG1,0.7540748642525322,-0.5088749920683953
c,embeddings,LUNG1,11.1518345184474,-2.8831386665435184
c,embeddings,LUNG1,-6.802554456492576,-6.006795092827443
c,embeddings,LUNG1,3.071314318015591,-6.105719643032933
c,embeddings,LUNG1,1.7918315676520518,-6.3789513880832205
c,embeddings,LUNG1,-4.786221993723138,-1.7595807232478309
c,embeddings,LUNG1,18.53458032583179,1.6106279926527542
c,embeddings,LUNG1,20.922935885377072,-1.5731671687583875
c,embeddings,LUNG1,15.998951449235907,0.4982837348961397
c,embeddings,LUNG1,5.775302897851468,-3.960172842215876
c,embeddings,LUNG1,21.63996034666855,5.910192874307245
c,embeddings,LUNG1,21.818469999623098,-4.300556825058516
c,embeddings,LUNG1,2.2359667374447816,-1.427370958020261
c,embeddings,LUNG1,-1.7889012004779472,-0.46613279633436816
c,embeddings,LUNG1,19.935354151902704,17.343224246992516
c,embeddings,LUNG1,18.76105156421881,-1.643968954771121
c,embeddings,LUNG1,10.307046776674659,-3.573822502984363
c,embeddings,LUNG1,13.9304458295091,-1.464307647371116
c,embeddings,LUNG1,22.967602992790255,5.691246532700917
c,embeddings,LUNG1,17.6429775755948,-5.663361694110667
c,embeddings,LUNG1,2.430694949527012,-7.27370931193031
c,embeddings,LUNG1,2.6248186170136147,1.5721174987048847
c,embeddings,LUNG1,0.8907088165487946,-7.509284060813935
c,embeddings,LUNG1,4.042969134741375,-3.796974938539302
c,embeddings,LUNG1,14.5839999163817,-3.3680157319833355
c,embeddings,LUNG1,5.167588371235632,-4.457802602163593
c,embeddings,LUNG1,8.652262687694163,-3.991632080921845
c,embeddings,LUNG1,-10.872633715850208,-5.729872503368695
c,embeddings,LUNG1,1.5211787954771292,-8.405614363195685
c,embeddings,LUNG1,20.06700273358523,-0.8482934682974216
c,embeddings,LUNG1,4.973656865453537,-9.606478932842828
c,embeddings,LUNG1,7.286364272141839,-4.59461504487674
c,embeddings,LUNG1,17.96383051868585,-1.629286285222389
c,embeddings,LUNG1,17.260502875296975,-9.999932880685298
c,embeddings,LUNG1,-5.229182306453119,-3.0495045333707247
c,embeddings,LUNG1,24.276474002552494,0.9890297191196642
c,embeddings,LUNG1,0.8559518142891213,-3.7530954611094343
c,embeddings,LUNG1,10.640923884353214,-6.275202753410888
c,embeddings,LUNG1,11.80769865110232,-6.569924238244942
c,embeddings,LUNG1,21.02786405817101,-3.3044893833726143
c,embeddings,LUNG1,18.76637904074909,4.351162622651994
c,embeddings,LUNG1,17.728859724351707,1.5699645216456704
c,embeddings,LUNG1,8.305748226368697,-1.7007096712757706
c,embeddings,LUNG1,-5.256904650662643,-6.263757263540743
c,embeddings,LUNG1,-1.0790809924108997,-6.234041327114608
c,embeddings,LUNG1,-6.054236909153764,-4.310730227032692
c,embeddings,LUNG1,-5.855694525058872,1.3453040993727945
c,embeddings,LUNG1,22.944165229300733,6.175012758615351
c,embeddings,LUNG1,-4.703321816895123,-5.180637052876464
c,embeddings,LUNG1,16.654622499282326,-7.112967365347704
c,embeddings,LUNG1,5.298000764344769,-1.054909637490113
c,embeddings,LUNG1,21.76551718239118,-1.6673087885891404
c,embeddings,LUNG1,5.2542710131748365,-6.049909805090908
c,embeddings,LUNG1,-3.2069326212234013,-2.3207923239218076
c,embeddings,LUNG1,1.486689595610314,-8.506436041692751
c,embeddings,LUNG1,0.16742094889879447,0.2655990240246696
c,embeddings,LUNG1,20.485543634048305,-0.9530705285943949
c,embeddings,LUNG1,16.286009870069048,-2.8969090464904794
c,embeddings,LUNG1,2.87194578212938,-6.390955905340894
c,embeddings,LUNG1,22.04785867951764,-1.5929733495002503
c,embeddings,LUNG1,18.376664679653683,-1.5594686678038965
c,embeddings,LUNG1,1.5759538580700618,-7.262327840694939
c,embeddings,LUNG1,-0.017255627674604482,2.8079109381368146
c,embeddings,LUNG1,19.587071258652088,-6.357382568832327
c,embeddings,LUNG1,0.8785993967086706,-8.564719052790306
c,embeddings,LUNG1,15.154286353284306,-7.2604824870613145
c,embeddings,LUNG1,9.903092791806992,-6.975409676896325
c,embeddings,LUNG1,20.413063946140742,-3.6092800224382224
c,embeddings,LUNG1,21.164921831487206,-1.1743451263557045
c,embeddings,LUNG1,2.5130233236784756,-7.086515972671842
c,embeddings,LUNG1,-7.045644493491541,-2.1183873797614354
c,embeddings,LUNG1,15.220115837589818,-5.942091639342427
c,embeddings,LUNG1,5.479554982811043,-8.58465063133945
c,embeddings,LUNG1,21.98829258184965,-2.7015962763632597
c,embeddings,LUNG1,14.290639769049161,-4.0418428617476305
c,embeddings,LUNG1,13.475873604682771,-3.6302186358911386
c,embeddings,LUNG1,20.05972860463116,2.7903448489114706
c,embeddings,LUNG1,1.609798604360957,-5.538669773603283
c,embeddings,LUNG1,3.857850748721158,-5.460159973689573
c,embeddings,LUNG1,4.873153945123195,-7.235119058067792
c,embeddings,LUNG1,8.00535298708257,-4.893603638204865
c,embeddings,LUNG1,19.087514141371624,-3.440748898716943
c,embeddings,LUNG1,-4.68061560561242,-8.007107138997545
c,embeddings,Radiogenomics,-8.155454179965647,-0.46342611541191886
c,embeddings,Radiogenomics,-18.456208825215153,41.12041883167412
c,embeddings,Radiogenomics,-25.734847655661234,-0.32917397249960173
c,embeddings,Radiogenomics,-25.11303786751714,41.76404735978805
c,embeddings,Radiogenomics,-27.692320883433254,-11.223774553223077
c,embeddings,Radiogenomics,-26.556646865387847,-10.807869626803997
c,embeddings,Radiogenomics,-12.180112327459522,40.10161687107607
c,embeddings,Radiogenomics,-8.969049392622393,-2.4805598094247725
c,embeddings,Radiogenomics,-24.195060148335234,-5.450776490348912
c,embeddings,Radiogenomics,-27.20113153309273,-9.190836110245337
c,embeddings,Radiogenomics,-28.903725046403927,-15.037889327599277
c,embeddings,Radiogenomics,-19.449013714271068,42.527175982113334
c,embeddings,Radiogenomics,-23.349796156806434,39.58423754576567
c,embeddings,Radiogenomics,-18.998917974566016,39.350242327954916
c,embeddings,Radiogenomics,-29.162053927557732,-3.527639798935296
c,embeddings,Radiogenomics,-30.57790483163021,-9.529580136881181
c,embeddings,Radiogenomics,-7.07453647293991,1.873721523783875
c,embeddings,Radiogenomics,-26.341590984072464,35.997741403304886
c,embeddings,Radiogenomics,-14.721741845832613,43.86926735042472
c,embeddings,Radiogenomics,-23.837936105130872,-12.11031097320099
c,embeddings,Radiogenomics,-19.286802738796315,39.04635185271035
c,embeddings,Radiogenomics,-13.932166232278668,35.32043817029018
c,embeddings,Radiogenomics,-36.2072697678577,-8.384878827353091
c,embeddings,Radiogenomics,-25.653399019551557,-5.92192636022553
c,embeddings,Radiogenomics,-14.481176306765635,-2.007109616563496
c,embeddings,Radiogenomics,-28.704800236084367,-5.143858919088385
c,embeddings,Radiogenomics,-24.775432726848646,52.09900059698633
c,embeddings,Radiogenomics,-21.394666636323908,41.78831633638024
c,embeddings,Radiogenomics,-17.009818384754222,-1.6065079961541073
c,embeddings,Radiogenomics,-27.09390991431781,-8.48302314898944
c,embeddings,Radiogenomics,-14.341737928224811,34.38049553707636
c,embeddings,Radiogenomics,-12.279208241325916,4.117585246660574
c,embeddings,Radiogenomics,-4.739244624564756,3.490199870092061
c,embeddings,Radiogenomics,-25.528007262487872,-8.440572188801996
c,embeddings,Radiogenomics,-16.927685190791408,-9.642512854141346
c,embeddings,Radiogenomics,-32.25339221957422,-4.252914807057483
c,embeddings,Radiogenomics,-26.540759236360103,-13.99798108343602
c,embeddings,Radiogenomics,-16.69694352780745,-6.78926722053761
c,embeddings,Radiogenomics,-26.8916476632484,-6.446997053139267
c,embeddings,Radiogenomics,-30.677208777237354,-8.839499657295166
c,embeddings,Radiogenomics,-23.3382083259017,-10.327812700501944
c,embeddings,Radiogenomics,-25.9454968009327,-7.965378833077591
c,embeddings,Radiogenomics,-14.000172377989342,1.9214436883914092
c,embeddings,Radiogenomics,-25.315863471727077,-8.049678029326866
c,embeddings,Radiogenomics,-28.30713633406628,-4.279068706344766
c,embeddings,Radiogenomics,-36.41407387541037,-13.237310830832937
c,embeddings,Radiogenomics,-24.681821256769666,-12.441128771274945
c,embeddings,Radiogenomics,-18.136337819966627,-6.0627435772041975
c,embeddings,Radiogenomics,-12.589581036102496,-8.481478461222142
c,embeddings,Radiogenomics,-23.205348808438284,-8.958488077369495
c,embeddings,Radiogenomics,-20.147880672848853,-10.099390964137102
c,embeddings,Radiogenomics,-28.337797758717038,-6.386636395682553
c,embeddings,Radiogenomics,-34.76613723393513,-11.011565197092203
c,embeddings,Radiogenomics,-21.686658898320513,-12.96464330948422
c,embeddings,Radiogenomics,-25.113404442232333,-8.794122475513628
c,embeddings,Radiogenomics,-34.050503460007384,-2.213563935424867
c,embeddings,Radiogenomics,-15.013543794791332,-5.7647552388153045
c,embeddings,Radiogenomics,-31.177614900342412,-6.274523585005308
c,embeddings,Radiogenomics,-25.9023403082949,-10.55839756763656
c,embeddings,Radiogenomics,-31.831529388662812,-6.90901124771356
c,embeddings,Radiogenomics,-22.229415849040358,-9.922894304967611
c,embeddings,Radiogenomics,-28.35783964458112,-9.713698930434584
c,embeddings,Radiogenomics,-11.971633450865372,-1.2973921516254074
c,embeddings,Radiogenomics,1.7913428562122777,13.022223259196089
c,embeddings,Radiogenomics,-11.953340415747132,1.4072707157116964
c,embeddings,Radiogenomics,-11.357663950153297,-0.03860602384001893
c,embeddings,Radiogenomics,-25.90887109216134,-11.027374185431785
c,embeddings,Radiogenomics,-27.402259690979406,-3.7097696802861186
c,embeddings,Radiogenomics,-24.181679354328704,-8.361391325133972
c,embeddings,Radiogenomics,-21.286810937421315,-7.825919382130278
c,embeddings,Radiogenomics,-20.347904792747055,-0.9784241500263203
c,embeddings,Radiogenomics,-27.659844286282873,-10.604130443198464
c,embeddings,Radiogenomics,-26.003970902417233,-7.566139220357036
c,embeddings,Radiogenomics,-30.39114848445812,-10.668654688485885
c,embeddings,Radiogenomics,-24.185135364537828,-7.33324930657466
c,embeddings,Radiogenomics,-8.16987807480594,71.9721610684869
c,embeddings,Radiogenomics,-9.076574732501772,60.53055868228803
c,embeddings,Radiogenomics,-24.516755270545787,-6.57413726342034
c,embeddings,Radiogenomics,-30.527251444757916,-7.208556054874708
c,embeddings,Radiogenomics,-34.023331035267276,-10.691579312431264
c,embeddings,Radiogenomics,-40.108635715688955,-4.0759537975707225
c,embeddings,Radiogenomics,-8.585795328687212,65.39778570376926
c,embeddings,Radiogenomics,-32.33469009117914,-13.343624472770365
c,embeddings,Radiogenomics,-29.174754620879764,-12.803645836797857
c,embeddings,Radiogenomics,-11.865325871071459,61.56033393352526
c,embeddings,Radiogenomics,-6.510936135591717,67.56423614482755
c,embeddings,Radiogenomics,-25.37792688928801,0.9963436223720696
c,embeddings,Radiogenomics,-29.876257038204404,-5.288359332909208
c,embeddings,Radiogenomics,-11.474372205690818,61.03572369369173
c,embeddings,Radiogenomics,-34.82426317769437,-10.137773563083584
c,embeddings,Radiogenomics,-7.6582438209109185,69.40429019376165
c,embeddings,Radiogenomics,-29.54240570244548,-4.22705060108854
c,embeddings,Radiogenomics,-25.140718672368504,-6.882024582621516
c,embeddings,Radiogenomics,-26.003862206746014,-9.945886256126771
c,embeddings,Radiogenomics,-9.325725168063082,63.61580768473263
c,embeddings,Radiogenomics,-36.24924503821818,-7.451002219296905
c,embeddings,Radiogenomics,-20.381894158671948,-1.4734288664928514
c,embeddings,Radiogenomics,-22.36441191260513,-8.804836291430325
c,embeddings,Radiogenomics,-4.286650537090191,5.191477301697249
c,embeddings,Radiogenomics,-34.228680728560605,-8.294332670851045
c,embeddings,Radiogenomics,-24.066459866137407,-0.10766774542156592
c,embeddings,Radiogenomics,-21.5596949324761,3.2263746225259045
c,embeddings,Radiogenomics,-20.984755365376657,-10.73908390344911
c,embeddings,Radiogenomics,-34.88616531152184,-9.779755942472418
c,embeddings,Radiogenomics,-11.287074813472572,-1.3177333375028455
c,embeddings,Radiogenomics,-2.683943793782573,66.60823123176525
c,embeddings,Radiogenomics,-14.750903648162057,-5.570340789134374
c,embeddings,Radiogenomics,-14.929451350434755,55.073559894843484
c,embeddings,Radiogenomics,-25.102214449611118,-8.867295914014047
c,embeddings,Radiogenomics,-24.91667080888862,-3.725840308169785
c,embeddings,Radiogenomics,-29.390718084491883,-9.294509581750837
c,embeddings,Radiogenomics,-37.509681170958686,-8.339614831698269
c,embeddings,Radiogenomics,-4.89021798896694,70.09158332648894
c,embeddings,Radiogenomics,-9.327515822454467,64.74834612516221
c,embeddings,Radiogenomics,-25.470717202378818,4.0573632764669405
c,embeddings,Radiogenomics,-11.642284613602564,56.56730601998369
c,embeddings,Radiogenomics,-37.850900888866136,-5.447776942562446
c,embeddings,Radiogenomics,-24.564439595944012,-8.710962899585553
c,embeddings,Radiogenomics,-6.888100769848147,70.2351629764454
c,embeddings,Radiogenomics,-3.1742471646615744,66.2929728459614
c,embeddings,Radiogenomics,-37.92494688545318,-6.651313753860951
c,embeddings,Radiogenomics,-25.166394286283722,-13.727583728038965
c,embeddings,Radiogenomics,1.156752687717462,-1.7358067265807817
c,embeddings,Radiogenomics,-16.3332558064297,-3.2424402701656367
c,embeddings,Radiogenomics,-26.921935120345363,-4.10495846403245
c,embeddings,Radiogenomics,-10.919209837004349,3.828739392702919
c,embeddings,Radiogenomics,-25.578000376797107,-3.96109774925904
c,embeddings,Radiogenomics,3.1909540396587714,13.462340525135923
c,embeddings,Radiogenomics,-10.12934976153229,58.835792509043614
c,embeddings,Radiogenomics,-30.83678736930888,-2.43306443558031
c,embeddings,Radiogenomics,-30.365446256336064,-13.769832819155338
c,embeddings,Radiogenomics,-24.297321913616784,2.296284165045067
c,embeddings,Radiogenomics,-37.06308678262682,-5.864580955384048
c,embeddings,Radiogenomics,-30.718616379505633,-1.8492919063571451
c,embeddings,Radiogenomics,-9.024215884221578,64.04777917957831
c,embeddings,Radiogenomics,-29.943075449267436,-10.256138969691216
c,embeddings,Radiogenomics,-33.46867778622684,-6.072656054153234
c,embeddings,Radiogenomics,-20.350959033247953,-6.57260618802606
c,embeddings,Radiogenomics,-20.816078890413092,-7.3881061685234375
c,embeddings,Radiogenomics,1.689795013911842,-7.171834700144169
c,embeddings,Radiogenomics,-33.96742437582765,-7.787393045275161
c,embeddings,Radiogenomics,-26.292180489144958,-8.621714835005628
c,embeddings,Radiogenomics,-9.931842648380728,63.19682457294881
c,embeddings,Radiogenomics,-34.32269780313181,-5.64402844024112
c,embeddings,Radiogenomics,-32.31805447124003,-5.096719308466658
c,embeddings,Radiogenomics,-34.01342532681594,-5.46075896761709
c,embeddings,Radiogenomics,-22.758601948169048,-6.867188476419774
c,embeddings,Radiogenomics,-10.305143230071113,-6.113279250035714
c,embeddings,Radiogenomics,-36.818953628439246,-12.027776017275103
c,embeddings,Radiogenomics,1.783818164757803,15.807296336479151
c,embeddings,Radiogenomics,-29.866311840967136,0.7694810554337491
c,embeddings,Radiogenomics,-19.11582418980395,0.6427149397551007
c,embeddings,Radiogenomics,-27.08353646834455,-4.332327280068069
c,embeddings,Radiogenomics,-29.861546695675106,-9.999690260571542
c,embeddings,Radiogenomics,-34.071487982377384,-7.158807614741664
c,embeddings,Radiogenomics,-10.237170674796664,3.4833331826342504
c,embeddings,Radiogenomics,-28.649660482660316,-5.77087856312158
c,embeddings,Radiogenomics,-25.265131487797806,-0.9001879879431759
c,embeddings,Radiogenomics,-30.252877583818,-11.544193714819201
c,embeddings,Radiogenomics,-30.532276060698013,-6.937786799871338
c,embeddings,Radiogenomics,-25.49475405695511,-7.860947645470194
c,embeddings,Radiogenomics,-31.530557876455482,-12.302865072015372
c,embeddings,Radiogenomics,-25.698025890674323,-10.127971960742245
c,embeddings,Radiogenomics,-35.24019738870788,-9.24725652262618
c,embeddings,Radiogenomics,-9.27166574571969,-0.6538507277951455
c,embeddings,Radiogenomics,-12.094122303375423,-0.13999659824161864
c,embeddings,Radiogenomics,-12.050941840395769,1.9263427056063653
c,embeddings,Radiogenomics,-36.289618021468094,-11.799362323540944
c,embeddings,Radiogenomics,-11.583449134788006,-2.225797923456027
c,embeddings,Radiogenomics,-10.646235921046438,-1.8665216143847483
c,embeddings,Radiogenomics,-12.2372043115803,-3.7674222096028536
c,embeddings,Radiogenomics,-24.526114941438436,-12.856438961984866
c,embeddings,Radiogenomics,-13.905888672594081,-3.963937887999501
c,embeddings,Radiogenomics,-8.944336159025887,4.317794200033042
c,embeddings,Radiogenomics,8.180435484555016,12.346231315915759
c,embeddings,Radiogenomics,-23.819429206226516,-8.189889033286098
c,embeddings,Radiogenomics,-27.200430658395476,-5.761935449471518
c,embeddings,Radiogenomics,-2.945798331890719,9.532937596965546
c,embeddings,Radiogenomics,-26.15825328298963,-0.5991087437311255
c,embeddings,Radiogenomics,-7.504164640317328,6.590303818750848
c,embeddings,Radiogenomics,-24.180019741569264,1.110070353037097
c,embeddings,Radiogenomics,-12.45780735085725,-6.214133274405784
c,embeddings,Radiogenomics,-37.64046402549402,-2.976922736566117
c,embeddings,Radiogenomics,-9.499341128490975,9.452154763092102
c,embeddings,Radiogenomics,-18.074844871618104,-6.160408693273042
c,embeddings,Radiogenomics,3.0053930070877586,-4.0858607161745715
c,embeddings,Radiogenomics,-21.993469358835764,-10.106689850463628
c,embeddings,Radiogenomics,-6.170972546070467,-1.5177499445676363
c,embeddings,Radiogenomics,-9.73383537073934,-1.3767500494803129
c,embeddings,Radiogenomics,-36.419836377772356,-10.331348238940402
c,embeddings,Radiogenomics,-25.302696937491564,-15.29381617552792
c,embeddings,Radiogenomics,-11.869371181413868,5.363810994422746
c,embeddings,Radiogenomics,-9.486956905585204,3.062375279491603
c,embeddings,Radiogenomics,-8.939899099257216,3.4964918973250874
c,embeddings,Radiogenomics,-20.67481176590271,-5.609739857595711
c,embeddings,Radiogenomics,-4.621442112846122,7.043097766236191
c,embeddings,Radiogenomics,-4.857938093176689,1.5330223378898844
c,embeddings,Radiogenomics,-13.984888661527764,1.2361250908701575
c,embeddings,Radiogenomics,-19.331003691270457,-2.102259631389178
c,embeddings,Radiogenomics,-13.90540747780691,6.311642674207647
c,embeddings,Radiogenomics,-24.800876201958566,-4.30643197708992
c,embeddings,Radiogenomics,-4.516001334796819,64.99685295937195
c,embeddings,Radiogenomics,-7.367750577644183,-3.378877041703329
c,embeddings,Radiogenomics,-16.52004199572378,2.7209882322071373
c,embeddings,Radiogenomics,-12.740111027823097,2.034925807365725
c,embeddings,Radiogenomics,-9.920357394961673,6.5571077042340535
c,embeddings,Radiogenomics,-4.65289827783668,3.788793885894878
c,embeddings,Radiogenomics,-9.618069395674862,60.81387665496365
c,embeddings,Radiogenomics,-1.9165666577716896,1.92848926232879
c,embeddings,Radiogenomics,-6.35025742113657,4.373334873948646
c,embeddings,Radiogenomics,-7.158645080154898,10.865148812592293
d,embeddings,LUNG1,-15.328143158461094,8.694478947707937
d,embeddings,LUNG1,-0.34288103069896786,-2.8347633314912235
d,embeddings,LUNG1,13.016876802534634,12.105002603387899
d,embeddings,LUNG1,-13.989178497279518,18.344793278269982
d,embeddings,LUNG1,-9.660931507304625,3.154837838724924
d,embeddings,LUNG1,-16.046920946479055,15.238170639404867
d,embeddings,LUNG1,-13.907795868735382,9.525714401569747
d,embeddings,LUNG1,-20.819469159125752,1.8686343626350135
d,embeddings,LUNG1,-15.627886884510607,11.766617362439865
d,embeddings,LUNG1,-15.341142626170718,-1.6122158512838185
d,embeddings,LUNG1,-9.691880340928787,0.2208927128961953
d,embeddings,LUNG1,-16.346620911580164,17.492192494234168
d,embeddings,LUNG1,-16.318533759668096,4.768671684790414
d,embeddings,LUNG1,10.35115163534503,-10.264768250604023
d,embeddings,LUNG1,2.7207738650313704,-0.6721735468599553
d,embeddings,LUNG1,-16.754392020783733,10.128453498283493
d,embeddings,LUNG1,6.966588957113053,-2.0259770144162217
d,embeddings,LUNG1,-20.45510029467152,4.883557491490918
d,embeddings,LUNG1,3.688450837991573,-0.6014322666160402
d,embeddings,LUNG1,-12.680167539781682,7.5539043873567016
d,embeddings,LUNG1,0.49027892443997584,-2.8596388042571084
d,embeddings,LUNG1,-6.2355870184757505,13.3255293728016
d,embeddings,LUNG1,-13.568365690032987,8.322713120975681
d,embeddings,LUNG1,-14.108372144793977,-3.0161146034462023
d,embeddings,LUNG1,16.290551636623537,-5.277622285371792
d,embeddings,LUNG1,-15.676327935953406,10.066968093785752
d,embeddings,LUNG1,-4.573861042455523,-0.35584092306335563
d,embeddings,LUNG1,-5.604838340076744,10.558720951510638
d,embeddings,LUNG1,9.763079795938282,1.029721302334897
d,embeddings,LUNG1,-15.05591753162622,6.651075454921451
d,embeddings,LUNG1,1.8209263019863637,1.452680447550566
d,embeddings,LUNG1,4.172291278241297,3.7467179021850474
d,embeddings,LUNG1,-11.253678765625065,12.503739890529914
d,embeddings,LUNG1,11.15900166209917,-5.649148096922727
d,embeddings,LUNG1,-10.651755896570673,14.413480061332487
d,embeddings,LUNG1,26.02321854912416,-6.171001815636812
d,embeddings,LUNG1,12.818049724531697,10.74869588407058
d,embeddings,LUNG1,19.414911076572764,-10.91156000917737
d,embeddings,LUNG1,-22.46105268517104,3.5795536021309267
d,embeddings,LUNG1,-12.081003315190182,-5.476403817773874
d,embeddings,LUNG1,-1.3462431228548,14.158262390688849
d,embeddings,LUNG1,-10.44784641670074,9.172829022029617
d,embeddings,LUNG1,7.425428445178309,-1.8912711986705493
d,embeddings,LUNG1,13.195121536155929,-5.789029465367579
d,embeddings,LUNG1,5.961300042873176,4.658049458095504
d,embeddings,LUNG1,-2.9274933233583083,8.74608584904107
d,embeddings,LUNG1,-12.122514752428279,9.660202086814568
d,embeddings,LUNG1,18.930269105622088,3.2754219776561078
d,embeddings,LUNG1,7.250710705719562,-8.384734516792369
d,embeddings,LUNG1,-4.923396868727926,21.42869494837238
d,embeddings,LUNG1,0.33878247188475014,-3.2625343491388183
d,embeddings,LUNG1,-0.478769931131278,1.2910858960135345
d,embeddings,LUNG1,-14.042259593655418,20.035374146103322
d,embeddings,LUNG1,-14.875956761204714,8.233021460543103
d,embeddings,LUNG1,-11.654425709130619,1.050805810687793
d,embeddings,LUNG1,25.41074614190528,4.062954412191138
d,embeddings,LUNG1,-21.404083067484514,12.338399455742712
d,embeddings,LUNG1,-9.560828286794434,15.571892944413822
d,embeddings,LUNG1,3.5491187844815304,7.318597420405859
d,embeddings,LUNG1,-15.30206409836074,13.56702696360447
d,embeddings,LUNG1,-15.80735411349523,0.7588721552945166
d,embeddings,LUNG1,-7.927857622530358,8.26168138642022
d,embeddings,LUNG1,-2.5649822906193513,12.552596292546538
d,embeddings,LUNG1,-14.816239816228553,5.546270632955262
d,embeddings,LUNG1,-0.9921455551222819,10.17747098785226
d,embeddings,LUNG1,-8.401965585999264,6.792450861620236
d,embeddings,LUNG1,-13.483197661655383,11.854346812527169
d,embeddings,LUNG1,5.359131712432518,-5.797731839485922
d,embeddings,LUNG1,29.487081377788243,-1.2969207988392548
d,embeddings,LUNG1,-14.822982119802411,17.675966926512338
d,embeddings,LUNG1,-8.593091881912178,-0.025572047971404988
d,embeddings,LUNG1,-0.2578329383453355,-9.092438370938714
d,embeddings,LUNG1,-4.079705420254265,-4.889051191557341
d,embeddings,LUNG1,-10.404863101414282,12.357546882572336
d,embeddings,LUNG1,10.254988718045096,1.2983964498142146
d,embeddings,LUNG1,5.172975107241151,-7.125908564929466
d,embeddings,LUNG1,19.32401648731907,-4.532816595218002
d,embeddings,LUNG1,-16.999387061302425,9.24988018613177
d,embeddings,LUNG1,-16.36090745514701,9.227096599023392
d,embeddings,LUNG1,-12.466300587446973,1.8196297361344071
d,embeddings,LUNG1,-15.985008374537053,7.268922392779266
d,embeddings,LUNG1,-12.205764757775775,14.333402866511484
d,embeddings,LUNG1,-19.30057416961563,6.943283572277635
d,embeddings,LUNG1,-3.588041737312342,1.2376290112320343
d,embeddings,LUNG1,11.517733520544478,-2.811049487187994
d,embeddings,LUNG1,-17.235217813322798,17.32838341651534
d,embeddings,LUNG1,-12.954405310640553,11.63686641669743
d,embeddings,LUNG1,-3.5805076754705256,9.111293741660035
d,embeddings,LUNG1,23.036411144868893,-0.083579086804058
d,embeddings,LUNG1,27.79266523612519,-1.241110390077804
d,embeddings,LUNG1,18.516491725254316,-4.6025417866506615
d,embeddings,LUNG1,8.330683954249457,-2.9730910932871377
d,embeddings,LUNG1,-3.8889516604194077,1.6131997673852698
d,embeddings,LUNG1,27.791149047922595,2.696828655905362
d,embeddings,LUNG1,2.637489176560236,-1.9208177415547851
d,embeddings,LUNG1,-12.50463529303904,12.05788991189843
d,embeddings,LUNG1,-15.50508234030283,11.795146822305188
d,embeddings,LUNG1,-17.96966979874736,0.7522805133351461
d,embeddings,LUNG1,-20.475113469387882,6.654425548934318
d,embeddings,LUNG1,21.17680930088681,-13.671847906321634
d,embeddings,LUNG1,12.353168751133287,-15.192049504365038
d,embeddings,LUNG1,19.41347353207274,-1.9075651380499679
d,embeddings,LUNG1,-14.938390292043136,6.307535731775351
d,embeddings,LUNG1,-15.821146016772804,11.098871944909408
d,embeddings,LUNG1,30.29630897422003,-13.757326195251894
d,embeddings,LUNG1,-1.9289501447909265,-7.345949834344485
d,embeddings,LUNG1,-12.541202149689529,20.48605199364583
d,embeddings,LUNG1,3.33512118521333,-9.38867373780508
d,embeddings,LUNG1,7.016406033375447,-10.083679610412695
d,embeddings,LUNG1,7.593656847277834,-2.041412005179471
d,embeddings,LUNG1,-12.946185837009939,9.45145711167593
d,embeddings,LUNG1,-16.20227985199418,5.710707610809862
d,embeddings,LUNG1,-8.559879170692485,7.89171904325724
d,embeddings,LUNG1,29.033536403902545,-9.095702621898374
d,embeddings,LUNG1,26.57603155306028,-10.458573086839818
d,embeddings,LUNG1,-7.442199774551633,-6.90945258578777
d,embeddings,LUNG1,0.2113592693930116,7.443748160914709
d,embeddings,LUNG1,-19.081768042014918,10.406321078605377
d,embeddings,LUNG1,5.838773162578194,-7.8518376829693475
d,embeddings,LUNG1,-13.787773879586071,1.7535875086795027
d,embeddings,LUNG1,26.784523542070183,-12.175224257930381
d,embeddings,LUNG1,-9.838081005473688,-8.07992795701839
d,embeddings,LUNG1,-0.34741392088720074,8.952351427020702
d,embeddings,LUNG1,34.89278219023407,-2.9573401830702974
d,embeddings,LUNG1,-16.1785398419352,-4.089637594650767
d,embeddings,LUNG1,8.421624090410269,-4.235154778021588
d,embeddings,LUNG1,23.981281723222228,-3.68471120496581
d,embeddings,LUNG1,15.123851265650854,-4.0392519065093335
d,embeddings,LUNG1,1.9184683004310525,-1.5001092917346603
d,embeddings,LUNG1,-8.777687324263505,0.5561555820411618
d,embeddings,LUNG1,-15.156772782473848,9.715045059218582
d,embeddings,LUNG1,21.18241209897967,-11.370024338630985
d,embeddings,LUNG1,-7.899139769942646,-6.302675346802742
d,embeddings,LUNG1,5.556437290226394,-8.597773120329332
d,embeddings,LUNG1,1.8261036920353264,-2.1247591665513053
d,embeddings,LUNG1,-18.663501021809275,11.877320765913975
d,embeddings,LUNG1,-3.674361417531829,-3.479462113058921
d,embeddings,LUNG1,17.224250508068316,5.097649096001928
d,embeddings,LUNG1,-17.786519402617206,6.0909834428818135
d,embeddings,LUNG1,29.846900653443257,-6.278731008141953
d,embeddings,LUNG1,31.978713950960525,-5.426896072557571
d,embeddings,LUNG1,-16.188901365906123,-0.4154813797193618
d,embeddings,LUNG1,9.2670640268234,-0.3761548727590668
d,embeddings,LUNG1,-16.87932761446019,5.26662201147338
d,embeddings,LUNG1,14.83692677331908,-8.360771952528758
d,embeddings,LUNG1,-8.499830544068065,17.804927647217678
d,embeddings,LUNG1,5.3002198720879035,-1.6787492336420273
d,embeddings,LUNG1,15.048635068182588,-2.914779771717561
d,embeddings,LUNG1,-6.542356980734667,3.4136870673564244
d,embeddings,LUNG1,9.841917162370645,-10.775387834763894
d,embeddings,LUNG1,16.830082611117902,-2.769091390782354
d,embeddings,LUNG1,11.647820058889536,-6.880075673528902
d,embeddings,LUNG1,38.26065335488172,-4.0952932186842235
d,embeddings,LUNG1,30.155791997803867,1.0234598562504442
d,embeddings,LUNG1,30.791425295637687,-0.06850558520753983
d,embeddings,LUNG1,-12.441737101260877,2.710208173855053
d,embeddings,LUNG1,-6.188866090882167,-15.38804398452864
d,embeddings,LUNG1,-12.55645154370028,13.976697330915599
d,embeddings,LUNG1,-5.879569932741435,17.281052221524167
d,embeddings,LUNG1,29.636636832586767,-4.952695088461378
d,embeddings,LUNG1,-23.302139125961304,-1.7987963223451076
d,embeddings,LUNG1,17.054810436004523,-11.453687690437514
d,embeddings,LUNG1,16.995719434919092,-10.174785961791091
d,embeddings,LUNG1,13.99287729010504,-3.759193840364239
d,embeddings,LUNG1,33.763544984547536,-9.11054211220365
d,embeddings,LUNG1,-0.008399760596333886,-3.0827350347358116
d,embeddings,LUNG1,8.843463783807813,-1.6337409954201476
d,embeddings,LUNG1,5.355873039594184,12.103015140577515
d,embeddings,LUNG1,-8.686751896436514,-1.9684148240468364
d,embeddings,LUNG1,-16.202401999463213,-3.73397437567362
d,embeddings,LUNG1,-14.849744836688933,13.539011400981286
d,embeddings,LUNG1,31.674835117307236,-10.735078919154857
d,embeddings,LUNG1,23.193199739562957,-4.187402891775491
d,embeddings,LUNG1,-13.07520276866949,7.520521334151839
d,embeddings,LUNG1,-0.03128574769856684,-1.2825306917407764
d,embeddings,LUNG1,-3.37091055901844,-2.3260859976055612
d,embeddings,LUNG1,16.748409192480256,0.345610950479808
d,embeddings,LUNG1,20.413364838984663,-13.185721019965206
d,embeddings,LUNG1,-9.118178947072009,5.610911527167669
d,embeddings,LUNG1,-12.964621551101402,-12.601659310919693
d,embeddings,LUNG1,0.7980028392612173,-6.796554722135301
d,embeddings,LUNG1,-3.055717641779191,14.334849248658491
d,embeddings,LUNG1,18.722543574957378,-9.571720014534197
d,embeddings,LUNG1,3.4228231648017906,-1.6308468698797038
d,embeddings,LUNG1,-12.684673857843043,23.08033657458059
d,embeddings,LUNG1,4.2228007011216695,-2.876771998057274
d,embeddings,LUNG1,19.62168252615889,-18.283571768708693
d,embeddings,LUNG1,-17.46319749160465,8.109389112919482
d,embeddings,LUNG1,-11.49333261882366,-9.024372616419507
d,embeddings,LUNG1,-15.00526236415957,8.801085533082508
d,embeddings,LUNG1,-15.94190495194368,1.7325893400465646
d,embeddings,LUNG1,-18.80760294693785,11.692102401831418
d,embeddings,LUNG1,22.319248552760584,-11.265869624985132
d,embeddings,LUNG1,-11.537954085371116,12.8130610820716
d,embeddings,LUNG1,9.566966713857182,-8.212823490630768
d,embeddings,LUNG1,-11.495139930358519,7.871987454413883
d,embeddings,LUNG1,33.06401764117304,9.171353364386366
d,embeddings,LUNG1,-10.547841954539187,-7.358218529733991
d,embeddings,LUNG1,27.189827635390753,-10.773875280619546
d,embeddings,LUNG1,18.77145484748752,2.766046245176442
d,embeddings,LUNG1,-8.803725840145242,7.535705832757444
d,embeddings,LUNG1,-3.712481430377,0.6414202732702179
d,embeddings,LUNG1,19.598757469016824,-7.678460490785489
d,embeddings,LUNG1,5.632548310360058,-0.9679570986648939
d,embeddings,LUNG1,-3.173008259328835,-5.989224591495272
d,embeddings,LUNG1,-22.863646057496467,-2.896939404502456
d,embeddings,LUNG1,-20.216911372803917,-1.6853750769162015
d,embeddings,LUNG1,13.167070049172521,-10.009788874402789
d,embeddings,LUNG1,-15.698464995964777,1.2852143467752093
d,embeddings,LUNG1,-3.0074688840666064,-7.960684264500081
d,embeddings,LUNG1,-13.419883816820544,-6.913792953312076
d,embeddings,LUNG1,22.945120210297517,-3.799762489761136
d,embeddings,LUNG1,3.445817549407295,-15.31948661128969
d,embeddings,LUNG1,2.6190268132766814,-10.374595030037842
d,embeddings,LUNG1,-15.73802585231006,8.313485629200368
d,embeddings,LUNG1,-8.654527692126791,15.591132162659829
d,embeddings,LUNG1,19.75138412335928,3.4450051575111504
d,embeddings,LUNG1,16.502989826717528,-13.804210606693687
d,embeddings,LUNG1,20.207835464297688,-4.785069564963729
d,embeddings,LUNG1,-5.397708103179943,-2.3811283133871006
d,embeddings,LUNG1,-2.9195905477384687,-6.5065544751418996
d,embeddings,LUNG1,0.509247444773864,-1.0153319707104882
d,embeddings,LUNG1,24.134505653180103,-5.1125737693794395
d,embeddings,LUNG1,-0.7594748919758523,0.817557321116914
d,embeddings,LUNG1,1.6658323336128134,-7.415867820878334
d,embeddings,LUNG1,-8.216671592900145,2.489317727248149
d,embeddings,LUNG1,20.677969771017676,-6.230296649711295
d,embeddings,LUNG1,13.633021459458423,-6.272853649909906
d,embeddings,LUNG1,-9.173452432753766,-2.482062848818087
d,embeddings,LUNG1,5.547304134348921,-5.175509042897453
d,embeddings,LUNG1,6.283810318823863,-5.382353308738364
d,embeddings,LUNG1,-16.43937395289813,11.82118734439144
d,embeddings,LUNG1,-12.225479897622492,10.123150219582946
d,embeddings,LUNG1,-5.629867952189264,-3.1183266385636226
d,embeddings,LUNG1,12.414277959282803,-12.76860191637763
d,embeddings,LUNG1,-3.5972197392917384,-7.42574165731216
d,embeddings,LUNG1,-1.7953514646468305,-4.918973474767073
d,embeddings,LUNG1,-10.993868035150912,0.9843188868720325
d,embeddings,LUNG1,0.8582608927733859,-10.173093487340916
d,embeddings,LUNG1,-22.460498885293568,3.8839457496381207
d,embeddings,LUNG1,14.623987733929823,1.119923709179087
d,embeddings,LUNG1,0.3875030682388891,2.81720518420591
d,embeddings,LUNG1,-7.035800022704452,-2.1576164133588693
d,embeddings,LUNG1,-3.126926500859875,-15.67330344151389
d,embeddings,LUNG1,10.068538467135788,-5.424077089409172
d,embeddings,LUNG1,-8.836278053417162,3.8729444212705926
d,embeddings,LUNG1,23.099240312893794,-19.4909306447454
d,embeddings,LUNG1,31.281720858552823,-4.682896250164709
d,embeddings,LUNG1,-15.01248373017148,-2.201694232244074
d,embeddings,LUNG1,5.579703468371861,-8.174990193526119
d,embeddings,LUNG1,19.416526601778106,-5.416933632251057
d,embeddings,LUNG1,-12.382335862740003,13.471581816522956
d,embeddings,LUNG1,-9.870369710832481,13.136277103875116
d,embeddings,LUNG1,7.325445159528487,-9.260935246789161
d,embeddings,LUNG1,7.521477488472463,-14.04512047234797
d,embeddings,LUNG1,15.387270608591107,-12.268534053828404
d,embeddings,LUNG1,9.89801335241682,-12.65263541394871
d,embeddings,LUNG1,-11.8247222103817,8.633468663459416
d,embeddings,LUNG1,17.81387010703793,-6.115588905453085
d,embeddings,LUNG1,-14.866026383462184,6.497582651032882
d,embeddings,LUNG1,29.77096233671743,2.092583276516065
d,embeddings,LUNG1,18.410601362781495,-16.46011575852567
d,embeddings,LUNG1,-9.631369666579237,-5.64367077121592
d,embeddings,LUNG1,21.56731782390159,-9.540670527400085
d,embeddings,LUNG1,-4.994549476902611,2.241967770304712
d,embeddings,LUNG1,5.896485318111387,-19.97371758579713
d,embeddings,LUNG1,-14.196261045453987,-6.186739104248604
d,embeddings,LUNG1,-5.95621065692129,7.942958352955762
d,embeddings,LUNG1,9.816412756407225,-4.187648298142238
d,embeddings,LUNG1,4.705596402749387,-9.891384282810609
d,embeddings,LUNG1,-11.574059417168414,0.3192881019576563
d,embeddings,LUNG1,-20.596602341734666,1.3253499666041404
d,embeddings,LUNG1,30.718838548729895,-14.427850417764635
d,embeddings,LUNG1,7.374543288990057,-8.339444140094578
d,embeddings,LUNG1,0.800281911463001,-0.729723333144644
d,embeddings,LUNG1,-14.915532125621542,2.0260259207407123
d,embeddings,LUNG1,7.216575281272633,-7.826839435363092
d,embeddings,LUNG1,2.657153295757806,-3.1066855171862455
d,embeddings,LUNG1,-6.466515713989587,-7.314175479097586
d,embeddings,LUNG1,-4.773515246205561,-0.3641554195095301
d,embeddings,LUNG1,-17.830394615886973,8.892263083018792
d,embeddings,LUNG1,-12.616894395355457,-4.01995685139776
d,embeddings,LUNG1,26.80332108245142,-6.996411133203939
d,embeddings,LUNG1,-15.084853973992427,5.1629203917235404
d,embeddings,LUNG1,-8.45120126076659,14.428241796158412
d,embeddings,LUNG1,5.734787920941754,-10.78074592284367
d,embeddings,LUNG1,6.919485578066511,-2.0570691109701955
d,embeddings,LUNG1,-6.547939389310625,5.919275421467275
d,embeddings,LUNG1,-1.3214574939681543,-4.036976460186109
d,embeddings,LUNG1,23.111553974417852,-10.026031633781168
d,embeddings,LUNG1,6.2195075423405966,-8.605963912418927
d,embeddings,LUNG1,-19.844034445571538,6.605390511204216
d,embeddings,LUNG1,-8.34267024413588,3.4166272573340555
d,embeddings,LUNG1,-4.134861009816294,-6.338928146478438
d,embeddings,LUNG1,-14.558657455843537,-1.308903221953167
d,embeddings,LUNG1,4.24936894154979,-1.7229500244649578
d,embeddings,LUNG1,-11.60256747531378,12.018419763855727
d,embeddings,LUNG1,-1.1002342946902128,-12.178112933838985
d,embeddings,LUNG1,11.953856709423246,-3.1475865464438098
d,embeddings,LUNG1,-16.757391662475598,1.5281503413156101
d,embeddings,LUNG1,-1.0992118178247394,2.4902371931022356
d,embeddings,LUNG1,1.684137843379802,0.7909459462520144
d,embeddings,LUNG1,5.494510250853651,1.6633201185662565
d,embeddings,LUNG1,7.189137381842242,-9.888089757455855
d,embeddings,LUNG1,32.27539932345784,8.351304592688905
d,embeddings,LUNG1,27.31635701844218,0.36331548909512945
d,embeddings,LUNG1,22.044737203028088,-7.97420914524912
d,embeddings,LUNG1,3.135766377922802,-0.3488526790547125
d,embeddings,LUNG1,-14.69397696493693,-1.3702497229918764
d,embeddings,LUNG1,-1.1177181631971331,12.263758155593312
d,embeddings,LUNG1,16.352126493493305,-5.525436637214952
d,embeddings,LUNG1,14.854098452322376,-8.236106718188708
d,embeddings,LUNG1,-12.84717425183325,0.7256022580870051
d,embeddings,LUNG1,-10.653579894529704,8.86601501873267
d,embeddings,LUNG1,3.8005510440986585,0.7880705062894512
d,embeddings,LUNG1,29.31582061285809,-10.87086476875689
d,embeddings,LUNG1,-14.75612613689303,6.460223734560256
d,embeddings,LUNG1,-3.3373542534262515,-2.334453576530162
d,embeddings,LUNG1,12.519242150139412,3.444481054427752
d,embeddings,LUNG1,-12.020538589369215,3.9697308038226335
d,embeddings,LUNG1,32.55339783761381,-9.42839257987077
d,embeddings,LUNG1,8.780472549988904,-3.050539539733676
d,embeddings,LUNG1,-18.671330543713314,7.002265540136159
d,embeddings,LUNG1,-14.699018219053665,-0.12133284990342179
d,embeddings,LUNG1,-14.275178555518645,10.875307785648067
d,embeddings,LUNG1,-16.58123256317959,11.964282141142112
d,embeddings,LUNG1,27.97289167714104,-12.815797258224023
d,embeddings,LUNG1,-12.930057731276083,-2.2395477145845915
d,embeddings,LUNG1,18.1083646080355,-1.7862312119274757
d,embeddings,LUNG1,2.2179004031986835,-1.9422346824579746
d,embeddings,LUNG1,-5.285662825635083,-1.8531504567455115
d,embeddings,LUNG1,-4.916585666039999,-7.353630276001572
d,embeddings,LUNG1,-12.673176239579297,-4.108786238871627
d,embeddings,LUNG1,-15.442434145466953,-5.4188500146546925
d,embeddings,LUNG1,-12.624377978849406,2.7106668235508113
d,embeddings,LUNG1,7.792023539151794,-7.839819657374067
d,embeddings,LUNG1,-5.9764077932644994,4.010549946057093
d,embeddings,LUNG1,-15.195298630514644,9.79101671371405
d,embeddings,LUNG1,-15.288228550771292,-2.825397277839392
d,embeddings,LUNG1,-15.685595352076954,10.864773305422883
d,embeddings,LUNG1,0.7312221348023381,-3.693336839135745
d,embeddings,LUNG1,-20.101055237583893,-1.149146428027241
d,embeddings,LUNG1,-16.34552041321549,4.222240882469239
d,embeddings,LUNG1,-17.71990159133845,3.133178182600211
d,embeddings,LUNG1,-18.33027493753776,6.777084312933651
d,embeddings,LUNG1,12.144163963460606,-0.056404126866938166
d,embeddings,LUNG1,17.05250401671025,-7.3455596858641075
d,embeddings,LUNG1,18.139017735444266,-8.90048882533579
d,embeddings,LUNG1,-10.970942172654873,2.5494398329790933
d,embeddings,LUNG1,28.402965732581542,-3.271888891179615
d,embeddings,LUNG1,19.96369181995654,-14.545382475349976
d,embeddings,LUNG1,-11.096296300393485,7.539745350883684
d,embeddings,LUNG1,-13.71886418594675,9.378833597556925
d,embeddings,LUNG1,29.518107369384804,13.133330232554398
d,embeddings,LUNG1,4.0547352378835635,3.2308807789396456
d,embeddings,LUNG1,-4.249099828280617,2.941849853738203
d,embeddings,LUNG1,11.970523232152777,-10.007912143284926
d,embeddings,LUNG1,31.394378172253756,-6.312813809806753
d,embeddings,LUNG1,8.824649766410124,-9.564056155073464
d,embeddings,LUNG1,-16.688902895410013,3.1165349831469107
d,embeddings,LUNG1,-6.1910135066974465,8.402178252845555
d,embeddings,LUNG1,-14.997098575392558,-0.7004592236458251
d,embeddings,LUNG1,-14.382795579043872,6.220239787214858
d,embeddings,LUNG1,14.290682806190459,-12.807696762108431
d,embeddings,LUNG1,-9.70091629681202,3.9252059902485286
d,embeddings,LUNG1,-7.669532060415092,4.266004749978823
d,embeddings,LUNG1,-21.660124018598225,-2.6486409753664075
d,embeddings,LUNG1,-18.70136521408652,2.3176714173909128
d,embeddings,LUNG1,21.34996302483285,-11.473710612779954
d,embeddings,LUNG1,-17.834814649015424,1.2777826334665447
d,embeddings,LUNG1,-8.755033959963772,4.154656499065449
d,embeddings,LUNG1,4.531454843763479,3.2390970404516732
d,embeddings,LUNG1,9.983379331030191,-20.81001226599697
d,embeddings,LUNG1,-20.851375556242324,7.9874268643775554
d,embeddings,LUNG1,20.07972867313099,-3.4222532955888068
d,embeddings,LUNG1,-15.195764307773366,7.142048801280771
d,embeddings,LUNG1,-8.15870947024487,1.6369831596990236
d,embeddings,LUNG1,-3.8060647761330597,-2.3947802305263317
d,embeddings,LUNG1,25.801096134993774,-20.451831928934897
d,embeddings,LUNG1,23.670412846916328,-4.949737416110795
d,embeddings,LUNG1,10.217859854772001,4.355952460308678
d,embeddings,LUNG1,-9.407198537664337,9.27164072129923
d,embeddings,LUNG1,-21.03303948910165,1.6560150131478786
d,embeddings,LUNG1,-21.57083345203961,7.096183976164919
d,embeddings,LUNG1,-20.391788769963608,4.042041723419757
d,embeddings,LUNG1,-14.37211146881682,7.456730371099194
d,embeddings,LUNG1,25.48464709027289,0.8890306033863803
d,embeddings,LUNG1,-20.06679573995189,5.614930357751668
d,embeddings,LUNG1,12.645563945972455,-15.747197617558914
d,embeddings,LUNG1,-12.8545412183458,11.771850896403665
d,embeddings,LUNG1,21.172550522821073,-11.499120677460098
d,embeddings,LUNG1,-11.086864296515119,-0.151142102420926
d,embeddings,LUNG1,-20.60094493903075,10.360786461604475
d,embeddings,LUNG1,-18.415448512608652,2.13891316243153
d,embeddings,LUNG1,-13.674742470569573,10.126039624720637
d,embeddings,LUNG1,19.962918038045647,-8.439469819403321
d,embeddings,LUNG1,14.453006033902206,-10.934907490780747
d,embeddings,LUNG1,-19.41381953562398,6.39015206873146
d,embeddings,LUNG1,21.024616747770565,-9.12842035227969
d,embeddings,LUNG1,7.406100405101688,1.282825075182548
d,embeddings,LUNG1,-19.745444694055333,3.750500928090683
d,embeddings,LUNG1,-9.702540195289082,11.40735478098567
d,embeddings,LUNG1,10.059919837666142,-10.05277461372724
d,embeddings,LUNG1,-14.709032593358653,-1.9414393733991635
d,embeddings,LUNG1,3.8508435051708547,-10.801589453414687
d,embeddings,LUNG1,-13.366404656320551,4.5099616014018045
d,embeddings,LUNG1,11.254866915503728,-5.021991934595296
d,embeddings,LUNG1,23.704325838987895,-12.912088397435861
d,embeddings,LUNG1,-11.152090101757617,-2.6521692434739257
d,embeddings,LUNG1,-18.648299309522187,5.5863224718440705
d,embeddings,LUNG1,1.2273937778815913,-3.511748457372627
d,embeddings,LUNG1,-10.291183139158182,-3.6135339570754708
d,embeddings,LUNG1,23.41178073135151,-13.595895985173065
d,embeddings,LUNG1,12.126140863636813,-12.916627942542585
d,embeddings,LUNG1,0.8899668972327732,-0.11896119886117436
d,embeddings,LUNG1,19.185278402768265,-2.6592665909262303
d,embeddings,LUNG1,-15.646489426091927,3.3678447176913284
d,embeddings,LUNG1,-12.441383326679794,1.750929315044877
d,embeddings,LUNG1,-4.87362263815606,-8.120735460818914
d,embeddings,LUNG1,-14.586876422710725,8.93507507343831
d,embeddings,LUNG1,18.398342026888457,-12.945363847899245
d,embeddings,LUNG1,-18.421848344329465,-5.177096235325353
d,embeddings,Radiogenomics,15.359473267679668,-11.359198664988142
d,embeddings,Radiogenomics,12.738780825128577,25.247190826584042
d,embeddings,Radiogenomics,2.4937180931540612,-10.955140737056752
d,embeddings,Radiogenomics,11.966468674741497,24.124553724764752
d,embeddings,Radiogenomics,-5.218445254518237,-14.932512743949795
d,embeddings,Radiogenomics,-3.191438853778429,-15.220328835137247
d,embeddings,Radiogenomics,12.330464514577047,26.865070906765563
d,embeddings,Radiogenomics,6.9469115827913095,-8.233731024691592
d,embeddings,Radiogenomics,-4.843859464463943,-7.928974116507725
d,embeddings,Radiogenomics,-1.4615234342539565,-17.326343709633385
d,embeddings,Radiogenomics,-9.163885405693764,-17.081693694556648
d,embeddings,Radiogenomics,13.174523401420615,26.017926506752453
d,embeddings,Radiogenomics,13.097676108280444,21.8815994475502
d,embeddings,Radiogenomics,14.128424890846151,22.564122293644527
d,embeddings,Radiogenomics,-5.092570836785124,-7.732499718977471
d,embeddings,Radiogenomics,-3.9462354595275486,-16.177656180503366
d,embeddings,Radiogenomics,4.160143014095953,-0.7444849738704019
d,embeddings,Radiogenomics,7.955810325965688,20.128212922254907
d,embeddings,Radiogenomics,14.274651861661535,28.380933929753464
d,embeddings,Radiogenomics,-0.18611371045282252,-18.426971144586208
d,embeddings,Radiogenomics,8.274445817540833,26.03675805894407
d,embeddings,Radiogenomics,15.194377096922478,20.947869607867794
d,embeddings,Radiogenomics,-14.81757470463323,-6.745936749736385
d,embeddings,Radiogenomics,-3.756899526483747,-12.88198934054825
d,embeddings,Radiogenomics,11.873893885287696,-14.145469682642478
d,embeddings,Radiogenomics,-5.347210377598213,-7.938969141833031
d,embeddings,Radiogenomics,16.004675294718375,30.635719160014585
d,embeddings,Radiogenomics,11.832497082762856,24.184718786667172
d,embeddings,Radiogenomics,0.12566649855977094,-3.980142923105724
d,embeddings,Radiogenomics,-5.508109673801273,-12.48826571661193
d,embeddings,Radiogenomics,13.261752877510801,20.9928216400292
d,embeddings,Radiogenomics,-3.4862866428530546,8.08155337420405
d,embeddings,Radiogenomics,-0.7558341298499642,9.703112340799462
d,embeddings,Radiogenomics,-4.82363855423255,-10.899305273341405
d,embeddings,Radiogenomics,6.580073377412598,-18.045306126309956
d,embeddings,Radiogenomics,-10.334708081537096,-4.331144974445327
d,embeddings,Radiogenomics,-7.647429559260672,-15.961048931338176
d,embeddings,Radiogenomics,6.317208734170693,-17.000208916297147
d,embeddings,Radiogenomics,-2.570157948000058,-13.443256174992412
d,embeddings,Radiogenomics,-4.910237373301733,-14.94914751384153
d,embeddings,Radiogenomics,-2.163534147374946,-16.13870911069262
d,embeddings,Radiogenomics,-7.057820089890891,-10.559345658988429
d,embeddings,Radiogenomics,5.336000744289573,-3.901389899227346
d,embeddings,Radiogenomics,-3.7311656322553315,-13.00966014378906
d,embeddings,Radiogenomics,-4.037563949774872,-8.350707288748978
d,embeddings,Radiogenomics,-17.215622799029568,-12.092689370071614
d,embeddings,Radiogenomics,-13.272693838705406,-8.767045313765273
d,embeddings,Radiogenomics,-4.8803628835934205,-6.726952001245407
d,embeddings,Radiogenomics,2.641905751227196,-11.939856925658043
d,embeddings,Radiogenomics,-1.6006319948987904,-13.656937030644524
d,embeddings,Radiogenomics,-0.4136993659997741,-15.529472228835093
d,embeddings,Radiogenomics,-11.109161370704843,-6.663297273981416
d,embeddings,Radiogenomics,-13.926127468974874,-11.857369856339732
d,embeddings,Radiogenomics,-6.090558384920888,-14.261934387487461
d,embeddings,Radiogenomics,-13.469960454890566,-5.869968818517304
d,embeddings,Radiogenomics,-13.174502272757955,-1.2230701533596569
d,embeddings,Radiogenomics,0.8309945175436828,-8.4459664755372
d,embeddings,Radiogenomics,-11.703880876759978,-5.584110502283703
d,embeddings,Radiogenomics,-11.356735469707186,-9.28543819468007
d,embeddings,Radiogenomics,-10.352396142779279,-7.182408009724687
d,embeddings,Radiogenomics,0.9591902205185685,-16.679419083371556
d,embeddings,Radiogenomics,-7.24711000293722,-12.463241137291291
d,embeddings,Radiogenomics,9.257763645051213,-9.115152621112843
d,embeddings,Radiogenomics,22.53743726542811,1.9892090307452122
d,embeddings,Radiogenomics,2.6803945547921377,-0.5484505823870856
d,embeddings,Radiogenomics,7.765514698007135,-7.256176871146899
d,embeddings,Radiogenomics,-18.06085514213,-4.160037333119814
d,embeddings,Radiogenomics,-8.974599287161517,-3.3699581070956595
d,embeddings,Radiogenomics,-11.366420164286987,-6.765393680169122
d,embeddings,Radiogenomics,0.6845702456740097,-13.947607574101564
d,embeddings,Radiogenomics,-4.380705036937919,-2.074650193412773
d,embeddings,Radiogenomics,-13.952413019842336,-6.8898230669016085
d,embeddings,Radiogenomics,-11.553974001808415,-4.001188427446294
d,embeddings,Radiogenomics,-11.524295357023426,-9.510589818603652
d,embeddings,Radiogenomics,-8.52511859511999,-6.353333033529015
d,embeddings,Radiogenomics,27.95350349745575,47.06782339242066
d,embeddings,Radiogenomics,22.872916721616622,39.58875886180343
d,embeddings,Radiogenomics,-13.261092990095866,-1.8757054584474007
d,embeddings,Radiogenomics,-15.37468320981178,-3.71462491929507
d,embeddings,Radiogenomics,-14.328050424610678,-10.619420063045682
d,embeddings,Radiogenomics,-14.049236865379537,-6.286055548362095
d,embeddings,Radiogenomics,22.509889785628417,46.23856634213085
d,embeddings,Radiogenomics,-17.320700236838366,-10.249699390879135
d,embeddings,Radiogenomics,-14.630963026397302,-10.754401115305159
d,embeddings,Radiogenomics,17.65238495381538,43.65671412480438
d,embeddings,Radiogenomics,24.15546446250735,46.828662603986665
d,embeddings,Radiogenomics,-6.6437040709570905,-0.41347985007674976
d,embeddings,Radiogenomics,-11.657618562003535,-4.580310878614352
d,embeddings,Radiogenomics,17.59851015044548,43.91229005417257
d,embeddings,Radiogenomics,-13.711956060062626,-11.650930871750644
d,embeddings,Radiogenomics,25.98168131100226,47.70689399380471
d,embeddings,Radiogenomics,-9.912715724969084,-5.850653566348329
d,embeddings,Radiogenomics,-11.212738571219713,-2.9166070490133262
d,embeddings,Radiogenomics,-10.548961130682219,-8.541067595453836
d,embeddings,Radiogenomics,20.37585414481067,46.253612490401885
d,embeddings,Radiogenomics,-16.22857182746365,-5.671084535698261
d,embeddings,Radiogenomics,2.160356780484239,-7.227908827379164
d,embeddings,Radiogenomics,-4.747480505274285,-11.191237886217744
d,embeddings,Radiogenomics,17.440606887315905,-7.1288526383379605
d,embeddings,Radiogenomics,-13.194407246523236,-8.029223589617295
d,embeddings,Radiogenomics,-11.432893059427313,3.296767590468541
d,embeddings,Radiogenomics,-2.4775328993141668,-0.8171078261755635
d,embeddings,Radiogenomics,-3.085203108923099,-14.772661587736991
d,embeddings,Radiogenomics,-14.91805626714267,-10.315970967112891
d,embeddings,Radiogenomics,2.4461898872634866,-1.788304255894139
d,embeddings,Radiogenomics,28.581162562049908,44.9186821954744
d,embeddings,Radiogenomics,1.0160631166071359,-8.582831846155146
d,embeddings,Radiogenomics,18.95015212438497,35.080102014655495
d,embeddings,Radiogenomics,-3.339286935608036,-14.973535038901847
d,embeddings,Radiogenomics,-9.43674291371042,-2.039872241131092
d,embeddings,Radiogenomics,-13.013582404278843,-6.712174403182913
d,embeddings,Radiogenomics,-16.74518990609112,-7.62945230095121
d,embeddings,Radiogenomics,26.833241556548487,48.17337044687092
d,embeddings,Radiogenomics,20.000296690034304,46.459614377387155
d,embeddings,Radiogenomics,-6.751398509990991,1.9293907886576862
d,embeddings,Radiogenomics,18.708467609898886,38.172679985051126
d,embeddings,Radiogenomics,-12.406231507398797,-6.9757959585921645
d,embeddings,Radiogenomics,-9.679686021861018,-8.409365362308948
d,embeddings,Radiogenomics,26.051000686170923,47.88212955886628
d,embeddings,Radiogenomics,26.969986651551693,45.33389892938505
d,embeddings,Radiogenomics,-11.119861350472025,-10.432011568072976
d,embeddings,Radiogenomics,-11.804071798716777,-12.417077327343474
d,embeddings,Radiogenomics,5.584509704433962,0.6977438853269764
d,embeddings,Radiogenomics,2.3381013533555803,-8.603105056774503
d,embeddings,Radiogenomics,-6.723282850406851,-4.93772343126505
d,embeddings,Radiogenomics,2.1310263674844037,3.120820558185597
d,embeddings,Radiogenomics,-10.021699441805058,-0.4597533847516576
d,embeddings,Radiogenomics,12.603500706176343,13.025606673954671
d,embeddings,Radiogenomics,21.826655370526453,37.6722164439537
d,embeddings,Radiogenomics,-7.800803520037552,-7.105071535311013
d,embeddings,Radiogenomics,-16.112347342702915,-11.632540029891478
d,embeddings,Radiogenomics,-4.661749330581488,1.0504165023479644
d,embeddings,Radiogenomics,-11.669868807790364,-8.095405357882964
d,embeddings,Radiogenomics,-10.27082804232866,-2.944873415026489
d,embeddings,Radiogenomics,21.507728874764823,43.90517723906901
d,embeddings,Radiogenomics,-13.20744453420006,-8.30944272338618
d,embeddings,Radiogenomics,-14.004355072623657,-4.576669130559173
d,embeddings,Radiogenomics,2.2426854138491934,-11.579964498011261
d,embeddings,Radiogenomics,-1.5853961891039856,-12.6678948079464
d,embeddings,Radiogenomics,7.307086494513722,-8.791956203056364
d,embeddings,Radiogenomics,-13.516965117783553,-8.038866628036986
d,embeddings,Radiogenomics,-10.274172313096285,-8.561477987341702
d,embeddings,Radiogenomics,17.795995876735542,45.733233907121424
d,embeddings,Radiogenomics,-11.873513847415877,-8.348332276469462
d,embeddings,Radiogenomics,-13.005598790416078,-4.433786940454277
d,embeddings,Radiogenomics,-8.024637020083334,-9.773537810504596
d,embeddings,Radiogenomics,-1.9439098816640037,-9.24013467438169
d,embeddings,Radiogenomics,5.439953013123544,-10.085108519659968
d,embeddings,Radiogenomics,-16.179459721614858,-10.35440842720932
d,embeddings,Radiogenomics,7.939140733430655,17.005091956638587
d,embeddings,Radiogenomics,-11.170103973733362,1.346008455586468
d,embeddings,Radiogenomics,2.146663602595862,-6.343135279553422
d,embeddings,Radiogenomics,-6.547861271269546,-7.963108962004783
d,embeddings,Radiogenomics,-13.101583167437722,-7.755607642061567
d,embeddings,Radiogenomics,-12.513275741533878,-5.957222550477238
d,embeddings,Radiogenomics,8.592225971893034,-4.122587892912214
d,embeddings,Radiogenomics,-11.309988235063182,-5.719177253499554
d,embeddings,Radiogenomics,-8.770967442486663,-0.36112321107246836
d,embeddings,Radiogenomics,-14.255445802255137,-10.800654451262908
d,embeddings,Radiogenomics,-10.042907425050737,-8.635178554388286
d,embeddings,Radiogenomics,-8.164099852347608,-8.315304042162532
d,embeddings,Radiogenomics,-15.340236115999334,-10.51286752703062
d,embeddings,Radiogenomics,-9.79517580417194,-10.940448882998183
d,embeddings,Radiogenomics,-13.874001407579007,-10.614685694021167
d,embeddings,Radiogenomics,2.5851702075999374,0.10229534498784625
d,embeddings,Radiogenomics,-3.734869427792811,2.929839909058836
d,embeddings,Radiogenomics,-4.577605077997626,3.2292404982049177
d,embeddings,Radiogenomics,-11.234360678328473,-15.915677982244986
d,embeddings,Radiogenomics,2.7937720450007784,-5.340714968204243
d,embeddings,Radiogenomics,3.9763817357648725,-5.662876735292673
d,embeddings,Radiogenomics,2.3143362158876593,-6.116368585313127
d,embeddings,Radiogenomics,-6.448919535284795,-15.68040456968573
d,embeddings,Radiogenomics,8.655509034933692,-13.06077966943282
d,embeddings,Radiogenomics,7.658560074016225,-0.19530109275000918
d,embeddings,Radiogenomics,21.295158035963784,6.542801577344146
d,embeddings,Radiogenomics,-4.147992285465332,-10.453263208975445
d,embeddings,Radiogenomics,-9.285211364171989,-5.170354369687201
d,embeddings,Radiogenomics,2.9570843765864536,12.967558414669787
d,embeddings,Radiogenomics,-7.713547827575747,-2.7916985336847406
d,embeddings,Radiogenomics,23.23672167263594,-10.448552767843042
d,embeddings,Radiogenomics,-5.585587776814288,1.1976055268416976
d,embeddings,Radiogenomics,1.4289374787730573,-8.841303569957528
d,embeddings,Radiogenomics,-7.820742684705605,-9.65283353093669
d,embeddings,Radiogenomics,16.769129866218154,-3.24292677104706
d,embeddings,Radiogenomics,-1.878782157023146,-8.064067000880833
d,embeddings,Radiogenomics,2.8633840192367686,-0.6259854059366369
d,embeddings,Radiogenomics,-3.2837600319033067,-13.287150147686246
d,embeddings,Radiogenomics,12.453274272039584,-9.927218298194143
d,embeddings,Radiogenomics,10.303638680830728,-9.68424362597638
d,embeddings,Radiogenomics,-17.77722828081336,-7.342381336249065
d,embeddings,Radiogenomics,-8.447143696458433,-16.13844637044397
d,embeddings,Radiogenomics,4.304652673838208,2.48579071133055
d,embeddings,Radiogenomics,15.393746356837944,-9.205326668057056
d,embeddings,Radiogenomics,11.041249325971663,-4.875315253067736
d,embeddings,Radiogenomics,-7.1295309451771525,-3.9015022232025474
d,embeddings,Radiogenomics,17.103036031139883,-4.265622932482588
d,embeddings,Radiogenomics,12.664105026274404,-5.471494066250201
d,embeddings,Radiogenomics,12.306746748574092,-10.941863141826587
d,embeddings,Radiogenomics,-3.754441537489659,-1.4485505057387718
d,embeddings,Radiogenomics,14.05753349012455,-7.219582226663977
d,embeddings,Radiogenomics,-4.068500507313466,-8.75756558656961
d,embeddings,Radiogenomics,24.497185261982555,46.0334666032224
d,embeddings,Radiogenomics,0.08754345227419302,-1.9184801687666122
d,embeddings,Radiogenomics,0.7766986908666568,1.3018667320597037
d,embeddings,Radiogenomics,3.5685056460585765,-2.05726779554166
d,embeddings,Radiogenomics,4.366148337550344,3.335478244864803
d,embeddings,Radiogenomics,-0.6689781666294626,10.242418334834001
d,embeddings,Radiogenomics,19.565011733354506,42.34867449324257
d,embeddings,Radiogenomics,2.358979226792495,4.460306004366228
d,embeddings,Radiogenomics,12.422908633592318,-3.494925497850147
d,embeddings,Radiogenomics,4.37756616017735,10.892019595938427
